index,backbone,segment,rfdiffusion_ss8,rfdiffusion_ss3,rfdiffusion_H_prop,rfdiffusion_E_prop,rfdiffusion_C_prop,backbone_pdb,score,global_core,region,sequence,ptm_score,plddt_score,esmfold_ss8,esmfold_ss3,esmfold_H_prop,esmfold_E_prop,esmfold_C_prop,whether_pass
Dusp4_A_2_mpnn_0,Dusp4_A_2,346-394,TTSSCSCCCCCCCCPPPSCEEECCCSSCSSCCCTTSTTCCCTTCEESCC,CCCCCCCCCCCCCCHHHCCEEECCCCCCCCCCCCCCCCCCCCCCEECCC,0.0612,0.102,0.8367,./Dusp4_example/rfdiffusion_out/filter_results/Dusp4_A_2.pdb,1.4192,1.6639,VGGPLTDLWSGEPVPHSSTVVLYPGPEGDSPVPASLRGAYYPNALAPGA,MVTMEELREMDCSVLKRLMNRDENGGGAGGSGSHGTLGLPSGGKCLLLDCRPFLAHSAGYILGSVNVRCNTIVRRRAKGSVSLEQILPAEEEVRARLRSGLYSAVIVYDERSPRAESLREDSTVSLVVQALRRNAERTDICLLKGGYERFSSEYPEFCSKTKALAAIPPPVPPSATEPLDLGCSSCGTPLHDQGGPVEILPFLYLGSAYHAARRDMLDALGITALLNVSSDCPNHFEGHYQYKCIPVEDNHKADISSWFMEAIEYIDAVKDCRGRVLVHCQAGISRSATICLAYLMMKKRVRLEEAFEFVKQRRSIISPNFSFMGQLLQFESQVLATSCAAEAASVGGPLTDLWSGEPVPHSSTVVLYPGPEGDSPVPASLRGAYYPNALAPGA,0.5359990000724792,72.6101,TTSCCCCSCCCCCCCCCCCCCCCCCCCCCCCCCCCCCCCCCCCCCCCCC,CCCCCCCCCCCCCCCCCCCCCCCCCCCCCCCCCCCCCCCCCCCCCCCCC,0.0,0.0,1.0,False
Dusp4_A_2_mpnn_2,Dusp4_A_2,346-394,TTSSCSCCCCCCCCPPPSCEEECCCSSCSSCCCTTSTTCCCTTCEESCC,CCCCCCCCCCCCCCHHHCCEEECCCCCCCCCCCCCCCCCCCCCCEECCC,0.0612,0.102,0.8367,./Dusp4_example/rfdiffusion_out/filter_results/Dusp4_A_2.pdb,1.4268,1.6682,PGGPLTDQWAGEPVPRSTTCTLLPDSVGSTPVPPGLRGTEYPAPLSPPP,MVTMEELREMDCSVLKRLMNRDENGGGAGGSGSHGTLGLPSGGKCLLLDCRPFLAHSAGYILGSVNVRCNTIVRRRAKGSVSLEQILPAEEEVRARLRSGLYSAVIVYDERSPRAESLREDSTVSLVVQALRRNAERTDICLLKGGYERFSSEYPEFCSKTKALAAIPPPVPPSATEPLDLGCSSCGTPLHDQGGPVEILPFLYLGSAYHAARRDMLDALGITALLNVSSDCPNHFEGHYQYKCIPVEDNHKADISSWFMEAIEYIDAVKDCRGRVLVHCQAGISRSATICLAYLMMKKRVRLEEAFEFVKQRRSIISPNFSFMGQLLQFESQVLATSCAAEAASPGGPLTDQWAGEPVPRSTTCTLLPDSVGSTPVPPGLRGTEYPAPLSPPP,0.5375388860702515,73.00598,TTCCCCCTTCCCCCCCCCCCCCCCCCCCCCCCCSCCCCCCCCCCCCCCC,CCCCCCCCCCCCCCCCCCCCCCCCCCCCCCCCCCCCCCCCCCCCCCCCC,0.0,0.0,1.0,False
Dusp4_A_2_mpnn_3,Dusp4_A_2,346-394,TTSSCSCCCCCCCCPPPSCEEECCCSSCSSCCCTTSTTCCCTTCEESCC,CCCCCCCCCCCCCCHHHCCEEECCCCCCCCCCCCCCCCCCCCCCEECCC,0.0612,0.102,0.8367,./Dusp4_example/rfdiffusion_out/filter_results/Dusp4_A_2.pdb,1.3557,1.6602,PGGPVTDPFTLEPVPHSETVLLLPDSTGSGPVPPGLRGTEFPSALAPPP,MVTMEELREMDCSVLKRLMNRDENGGGAGGSGSHGTLGLPSGGKCLLLDCRPFLAHSAGYILGSVNVRCNTIVRRRAKGSVSLEQILPAEEEVRARLRSGLYSAVIVYDERSPRAESLREDSTVSLVVQALRRNAERTDICLLKGGYERFSSEYPEFCSKTKALAAIPPPVPPSATEPLDLGCSSCGTPLHDQGGPVEILPFLYLGSAYHAARRDMLDALGITALLNVSSDCPNHFEGHYQYKCIPVEDNHKADISSWFMEAIEYIDAVKDCRGRVLVHCQAGISRSATICLAYLMMKKRVRLEEAFEFVKQRRSIISPNFSFMGQLLQFESQVLATSCAAEAASPGGPVTDPFTLEPVPHSETVLLLPDSTGSGPVPPGLRGTEFPSALAPPP,0.5529196262359619,74.337425,CCCCCCCTTCCCCCCCCCCCCCCCCCCCCCCCCCCCCCCCCCCCCCCCC,CCCCCCCCCCCCCCCCCCCCCCCCCCCCCCCCCCCCCCCCCCCCCCCCC,0.0,0.0,1.0,True
Dusp4_A_2_mpnn_4,Dusp4_A_2,346-394,TTSSCSCCCCCCCCPPPSCEEECCCSSCSSCCCTTSTTCCCTTCEESCC,CCCCCCCCCCCCCCHHHCCEEECCCCCCCCCCCCCCCCCCCCCCEECCC,0.0612,0.102,0.8367,./Dusp4_example/rfdiffusion_out/filter_results/Dusp4_A_2.pdb,1.3489,1.6672,PGGPVRDLWSGEPVPLSSQCLLLPDSTGSRPVPADRRGEEFPRPLTPGP,MVTMEELREMDCSVLKRLMNRDENGGGAGGSGSHGTLGLPSGGKCLLLDCRPFLAHSAGYILGSVNVRCNTIVRRRAKGSVSLEQILPAEEEVRARLRSGLYSAVIVYDERSPRAESLREDSTVSLVVQALRRNAERTDICLLKGGYERFSSEYPEFCSKTKALAAIPPPVPPSATEPLDLGCSSCGTPLHDQGGPVEILPFLYLGSAYHAARRDMLDALGITALLNVSSDCPNHFEGHYQYKCIPVEDNHKADISSWFMEAIEYIDAVKDCRGRVLVHCQAGISRSATICLAYLMMKKRVRLEEAFEFVKQRRSIISPNFSFMGQLLQFESQVLATSCAAEAASPGGPVRDLWSGEPVPLSSQCLLLPDSTGSRPVPADRRGEEFPRPLTPGP,0.5417385101318359,73.39979,TTCCCCCTTCSCCCCCCCCCCCCCCCCCCCCCCCCCCCCCCCCCCCCCC,CCCCCCCCCCCCCCCCCCCCCCCCCCCCCCCCCCCCCCCCCCCCCCCCC,0.0,0.0,1.0,True
Dusp4_A_2_mpnn_5,Dusp4_A_2,346-394,TTSSCSCCCCCCCCPPPSCEEECCCSSCSSCCCTTSTTCCCTTCEESCC,CCCCCCCCCCCCCCHHHCCEEECCCCCCCCCCCCCCCCCCCCCCEECCC,0.0612,0.102,0.8367,./Dusp4_example/rfdiffusion_out/filter_results/Dusp4_A_2.pdb,1.2953,1.6758,PGGPVTDLWDGEPVPLSETCVLLPQSWGTEPVPEGLRGAEFPSALAPPP,MVTMEELREMDCSVLKRLMNRDENGGGAGGSGSHGTLGLPSGGKCLLLDCRPFLAHSAGYILGSVNVRCNTIVRRRAKGSVSLEQILPAEEEVRARLRSGLYSAVIVYDERSPRAESLREDSTVSLVVQALRRNAERTDICLLKGGYERFSSEYPEFCSKTKALAAIPPPVPPSATEPLDLGCSSCGTPLHDQGGPVEILPFLYLGSAYHAARRDMLDALGITALLNVSSDCPNHFEGHYQYKCIPVEDNHKADISSWFMEAIEYIDAVKDCRGRVLVHCQAGISRSATICLAYLMMKKRVRLEEAFEFVKQRRSIISPNFSFMGQLLQFESQVLATSCAAEAASPGGPVTDLWDGEPVPLSETCVLLPQSWGTEPVPEGLRGAEFPSALAPPP,0.5431116819381714,72.55745,TTCCCCCTTCSCCCCCCCCCCCCCSCCCCCCCCSCCCCCCCCCCCCCCC,CCCCCCCCCCCCCCCCCCCCCCCCCCCCCCCCCCCCCCCCCCCCCCCCC,0.0,0.0,1.0,True
Dusp4_A_2_mpnn_6,Dusp4_A_2,346-394,TTSSCSCCCCCCCCPPPSCEEECCCSSCSSCCCTTSTTCCCTTCEESCC,CCCCCCCCCCCCCCHHHCCEEECCCCCCCCCCCCCCCCCCCCCCEECCC,0.0612,0.102,0.8367,./Dusp4_example/rfdiffusion_out/filter_results/Dusp4_A_2.pdb,1.3719,1.6661,PGGPRTDLFSGQPVPLPDTVLLLPDEEGSFPVPPGLRRREFPNPLAPGR,MVTMEELREMDCSVLKRLMNRDENGGGAGGSGSHGTLGLPSGGKCLLLDCRPFLAHSAGYILGSVNVRCNTIVRRRAKGSVSLEQILPAEEEVRARLRSGLYSAVIVYDERSPRAESLREDSTVSLVVQALRRNAERTDICLLKGGYERFSSEYPEFCSKTKALAAIPPPVPPSATEPLDLGCSSCGTPLHDQGGPVEILPFLYLGSAYHAARRDMLDALGITALLNVSSDCPNHFEGHYQYKCIPVEDNHKADISSWFMEAIEYIDAVKDCRGRVLVHCQAGISRSATICLAYLMMKKRVRLEEAFEFVKQRRSIISPNFSFMGQLLQFESQVLATSCAAEAASPGGPRTDLFSGQPVPLPDTVLLLPDEEGSFPVPPGLRRREFPNPLAPGR,0.5457159280776978,73.39457,TTCCCCCTTCSCCCCCCCCCCCCCCCCCCCCCCSCCCCCCCCCCCCCCC,CCCCCCCCCCCCCCCCCCCCCCCCCCCCCCCCCCCCCCCCCCCCCCCCC,0.0,0.0,1.0,True
Dusp4_A_2_mpnn_7,Dusp4_A_2,346-394,TTSSCSCCCCCCCCPPPSCEEECCCSSCSSCCCTTSTTCCCTTCEESCC,CCCCCCCCCCCCCCHHHCCEEECCCCCCCCCCCCCCCCCCCCCCEECCC,0.0612,0.102,0.8367,./Dusp4_example/rfdiffusion_out/filter_results/Dusp4_A_2.pdb,1.412,1.6602,PGGPEPDPFTGEPRPLPETVTLYPDSRGATATPPGLRGKRFPNPLALPP,MVTMEELREMDCSVLKRLMNRDENGGGAGGSGSHGTLGLPSGGKCLLLDCRPFLAHSAGYILGSVNVRCNTIVRRRAKGSVSLEQILPAEEEVRARLRSGLYSAVIVYDERSPRAESLREDSTVSLVVQALRRNAERTDICLLKGGYERFSSEYPEFCSKTKALAAIPPPVPPSATEPLDLGCSSCGTPLHDQGGPVEILPFLYLGSAYHAARRDMLDALGITALLNVSSDCPNHFEGHYQYKCIPVEDNHKADISSWFMEAIEYIDAVKDCRGRVLVHCQAGISRSATICLAYLMMKKRVRLEEAFEFVKQRRSIISPNFSFMGQLLQFESQVLATSCAAEAASPGGPEPDPFTGEPRPLPETVTLYPDSRGATATPPGLRGKRFPNPLALPP,0.5455864667892456,73.67913,CCCPPBCTTTSSBPCCCCCCCCCCCCCCCCCCCCCCCCCCCCCCCCCCC,CCCHHECCCCCCEHCCCCCCCCCCCCCCCCCCCCCCCCCCCCCCCCCCC,0.0612,0.0408,0.898,True
Dusp4_A_2_mpnn_9,Dusp4_A_2,346-394,TTSSCSCCCCCCCCPPPSCEEECCCSSCSSCCCTTSTTCCCTTCEESCC,CCCCCCCCCCCCCCHHHCCEEECCCCCCCCCCCCCCCCCCCCCCEECCC,0.0612,0.102,0.8367,./Dusp4_example/rfdiffusion_out/filter_results/Dusp4_A_2.pdb,1.3492,1.6658,PGGPPADLFSGEPRPLPSEVLLLPDSTGSTATPPGLRGALFPNPLAAGP,MVTMEELREMDCSVLKRLMNRDENGGGAGGSGSHGTLGLPSGGKCLLLDCRPFLAHSAGYILGSVNVRCNTIVRRRAKGSVSLEQILPAEEEVRARLRSGLYSAVIVYDERSPRAESLREDSTVSLVVQALRRNAERTDICLLKGGYERFSSEYPEFCSKTKALAAIPPPVPPSATEPLDLGCSSCGTPLHDQGGPVEILPFLYLGSAYHAARRDMLDALGITALLNVSSDCPNHFEGHYQYKCIPVEDNHKADISSWFMEAIEYIDAVKDCRGRVLVHCQAGISRSATICLAYLMMKKRVRLEEAFEFVKQRRSIISPNFSFMGQLLQFESQVLATSCAAEAASPGGPPADLFSGEPRPLPSEVLLLPDSTGSTATPPGLRGALFPNPLAAGP,0.5511519312858582,73.631325,TTCCCCCTTCCCCCCCCGGGGCCCCCCCCCCCCCCCCCCCCCCCCCCCC,CCCCCCCCCCCCCCCCCHHHHCCCCCCCCCCCCCCCCCCCCCCCCCCCC,0.0816,0.0,0.9184,True
Dusp4_A_2_mpnn_10,Dusp4_A_2,346-394,TTSSCSCCCCCCCCPPPSCEEECCCSSCSSCCCTTSTTCCCTTCEESCC,CCCCCCCCCCCCCCHHHCCEEECCCCCCCCCCCCCCCCCCCCCCEECCC,0.0612,0.102,0.8367,./Dusp4_example/rfdiffusion_out/filter_results/Dusp4_A_2.pdb,1.4212,1.6573,PGGPPTDLFTGEPVPQPASVVLYPDSEGSTPVPPGLRGLVWPAPLSPPP,MVTMEELREMDCSVLKRLMNRDENGGGAGGSGSHGTLGLPSGGKCLLLDCRPFLAHSAGYILGSVNVRCNTIVRRRAKGSVSLEQILPAEEEVRARLRSGLYSAVIVYDERSPRAESLREDSTVSLVVQALRRNAERTDICLLKGGYERFSSEYPEFCSKTKALAAIPPPVPPSATEPLDLGCSSCGTPLHDQGGPVEILPFLYLGSAYHAARRDMLDALGITALLNVSSDCPNHFEGHYQYKCIPVEDNHKADISSWFMEAIEYIDAVKDCRGRVLVHCQAGISRSATICLAYLMMKKRVRLEEAFEFVKQRRSIISPNFSFMGQLLQFESQVLATSCAAEAASPGGPPTDLFTGEPVPQPASVVLYPDSEGSTPVPPGLRGLVWPAPLSPPP,0.549390435218811,73.13318,TTCCCCCTTCSCCCCCCCCCCCCSCCCCCCCCCCCCCCCCCCCCCCCCC,CCCCCCCCCCCCCCCCCCCCCCCCCCCCCCCCCCCCCCCCCCCCCCCCC,0.0,0.0,1.0,True
Dusp4_A_2_mpnn_11,Dusp4_A_2,346-394,TTSSCSCCCCCCCCPPPSCEEECCCSSCSSCCCTTSTTCCCTTCEESCC,CCCCCCCCCCCCCCHHHCCEEECCCCCCCCCCCCCCCCCCCCCCEECCC,0.0612,0.102,0.8367,./Dusp4_example/rfdiffusion_out/filter_results/Dusp4_A_2.pdb,1.26,1.6663,PGGPVTDLWSGEPVPLPERCLLLPQSWGDTPVPPELRGVEYPNPLAPPR,MVTMEELREMDCSVLKRLMNRDENGGGAGGSGSHGTLGLPSGGKCLLLDCRPFLAHSAGYILGSVNVRCNTIVRRRAKGSVSLEQILPAEEEVRARLRSGLYSAVIVYDERSPRAESLREDSTVSLVVQALRRNAERTDICLLKGGYERFSSEYPEFCSKTKALAAIPPPVPPSATEPLDLGCSSCGTPLHDQGGPVEILPFLYLGSAYHAARRDMLDALGITALLNVSSDCPNHFEGHYQYKCIPVEDNHKADISSWFMEAIEYIDAVKDCRGRVLVHCQAGISRSATICLAYLMMKKRVRLEEAFEFVKQRRSIISPNFSFMGQLLQFESQVLATSCAAEAASPGGPVTDLWSGEPVPLPERCLLLPQSWGDTPVPPELRGVEYPNPLAPPR,0.5396900177001953,72.20584,TTCCCCCTTCCCCCCCCGGGSCCCSCCCCCCCCGGGSCCCCCCSCCCCC,CCCCCCCCCCCCCCCCCHHHCCCCCCCCCCCCCHHHCCCCCCCCCCCCC,0.1224,0.0,0.8776,False
Dusp4_A_2_mpnn_12,Dusp4_A_2,346-394,TTSSCSCCCCCCCCPPPSCEEECCCSSCSSCCCTTSTTCCCTTCEESCC,CCCCCCCCCCCCCCHHHCCEEECCCCCCCCCCCCCCCCCCCCCCEECCC,0.0612,0.102,0.8367,./Dusp4_example/rfdiffusion_out/filter_results/Dusp4_A_2.pdb,1.5099,1.6894,PGGPPKNPYSGDPKPLSELVLLLPDSEGSEEVPPELRGVLYPNPLGPGL,MVTMEELREMDCSVLKRLMNRDENGGGAGGSGSHGTLGLPSGGKCLLLDCRPFLAHSAGYILGSVNVRCNTIVRRRAKGSVSLEQILPAEEEVRARLRSGLYSAVIVYDERSPRAESLREDSTVSLVVQALRRNAERTDICLLKGGYERFSSEYPEFCSKTKALAAIPPPVPPSATEPLDLGCSSCGTPLHDQGGPVEILPFLYLGSAYHAARRDMLDALGITALLNVSSDCPNHFEGHYQYKCIPVEDNHKADISSWFMEAIEYIDAVKDCRGRVLVHCQAGISRSATICLAYLMMKKRVRLEEAFEFVKQRRSIISPNFSFMGQLLQFESQVLATSCAAEAASPGGPPKNPYSGDPKPLSELVLLLPDSEGSEEVPPELRGVLYPNPLGPGL,0.5533393025398254,73.06705,TTCCCCCTTSSCCCCHHHHGGGSCCCSCCCCCCGGGSCCCCCCCCCCCC,CCCCCCCCCCCCCCCHHHHHHHCCCCCCCCCCCHHHCCCCCCCCCCCCC,0.2041,0.0,0.7959,True
Dusp4_A_2_mpnn_13,Dusp4_A_2,346-394,TTSSCSCCCCCCCCPPPSCEEECCCSSCSSCCCTTSTTCCCTTCEESCC,CCCCCCCCCCCCCCHHHCCEEECCCCCCCCCCCCCCCCCCCCCCEECCC,0.0612,0.102,0.8367,./Dusp4_example/rfdiffusion_out/filter_results/Dusp4_A_2.pdb,1.4039,1.7001,PGGPRRDPFSTEPVPLSDTVLLLSDSEGTAPVPPALRGRDFPRALAPAP,MVTMEELREMDCSVLKRLMNRDENGGGAGGSGSHGTLGLPSGGKCLLLDCRPFLAHSAGYILGSVNVRCNTIVRRRAKGSVSLEQILPAEEEVRARLRSGLYSAVIVYDERSPRAESLREDSTVSLVVQALRRNAERTDICLLKGGYERFSSEYPEFCSKTKALAAIPPPVPPSATEPLDLGCSSCGTPLHDQGGPVEILPFLYLGSAYHAARRDMLDALGITALLNVSSDCPNHFEGHYQYKCIPVEDNHKADISSWFMEAIEYIDAVKDCRGRVLVHCQAGISRSATICLAYLMMKKRVRLEEAFEFVKQRRSIISPNFSFMGQLLQFESQVLATSCAAEAASPGGPRRDPFSTEPVPLSDTVLLLSDSEGTAPVPPALRGRDFPRALAPAP,0.5582689642906189,73.79182,TTCCCCCTTCCCCCCCCCCCCCCCCCCCCCCCCCCCCCCCCCCCCCCCC,CCCCCCCCCCCCCCCCCCCCCCCCCCCCCCCCCCCCCCCCCCCCCCCCC,0.0,0.0,1.0,True
Dusp4_A_2_mpnn_14,Dusp4_A_2,346-394,TTSSCSCCCCCCCCPPPSCEEECCCSSCSSCCCTTSTTCCCTTCEESCC,CCCCCCCCCCCCCCHHHCCEEECCCCCCCCCCCCCCCCCCCCCCEECCC,0.0612,0.102,0.8367,./Dusp4_example/rfdiffusion_out/filter_results/Dusp4_A_2.pdb,1.3941,1.6844,AGGPVKNRWTGEAVPLPSTVLLLPDSWGDVEVPPELRGAEFPHPIAAAR,MVTMEELREMDCSVLKRLMNRDENGGGAGGSGSHGTLGLPSGGKCLLLDCRPFLAHSAGYILGSVNVRCNTIVRRRAKGSVSLEQILPAEEEVRARLRSGLYSAVIVYDERSPRAESLREDSTVSLVVQALRRNAERTDICLLKGGYERFSSEYPEFCSKTKALAAIPPPVPPSATEPLDLGCSSCGTPLHDQGGPVEILPFLYLGSAYHAARRDMLDALGITALLNVSSDCPNHFEGHYQYKCIPVEDNHKADISSWFMEAIEYIDAVKDCRGRVLVHCQAGISRSATICLAYLMMKKRVRLEEAFEFVKQRRSIISPNFSFMGQLLQFESQVLATSCAAEAASAGGPVKNRWTGEAVPLPSTVLLLPDSWGDVEVPPELRGAEFPHPIAAAR,0.5429481267929077,73.04063,SCSCCCCCCCCCCCCCCCCCCCCCSCCCCCCCCGGGTTCCCCCCCCCCC,CCCCCCCCCCCCCCCCCCCCCCCCCCCCCCCCCHHHCCCCCCCCCCCCC,0.0612,0.0,0.9388,True
Dusp4_A_2_mpnn_15,Dusp4_A_2,346-394,TTSSCSCCCCCCCCPPPSCEEECCCSSCSSCCCTTSTTCCCTTCEESCC,CCCCCCCCCCCCCCHHHCCEEECCCCCCCCCCCCCCCCCCCCCCEECCC,0.0612,0.102,0.8367,./Dusp4_example/rfdiffusion_out/filter_results/Dusp4_A_2.pdb,1.3499,1.6865,PGGPPADLFTGEPRPLPSRVVLYPDEEGSSPVPESLRGLEFPNALAPGP,MVTMEELREMDCSVLKRLMNRDENGGGAGGSGSHGTLGLPSGGKCLLLDCRPFLAHSAGYILGSVNVRCNTIVRRRAKGSVSLEQILPAEEEVRARLRSGLYSAVIVYDERSPRAESLREDSTVSLVVQALRRNAERTDICLLKGGYERFSSEYPEFCSKTKALAAIPPPVPPSATEPLDLGCSSCGTPLHDQGGPVEILPFLYLGSAYHAARRDMLDALGITALLNVSSDCPNHFEGHYQYKCIPVEDNHKADISSWFMEAIEYIDAVKDCRGRVLVHCQAGISRSATICLAYLMMKKRVRLEEAFEFVKQRRSIISPNFSFMGQLLQFESQVLATSCAAEAASPGGPPADLFTGEPRPLPSRVVLYPDEEGSSPVPESLRGLEFPNALAPGP,0.5499399304389954,73.12322,TTPPPCCTTCSCCCCCCSCCCCCCCCCCCCCCCSTTSCCCCCCCCCCCC,CCHHHCCCCCCCCCCCCCCCCCCCCCCCCCCCCCCCCCCCCCCCCCCCC,0.0612,0.0,0.9388,True
Dusp4_A_2_mpnn_16,Dusp4_A_2,346-394,TTSSCSCCCCCCCCPPPSCEEECCCSSCSSCCCTTSTTCCCTTCEESCC,CCCCCCCCCCCCCCHHHCCEEECCCCCCCCCCCCCCCCCCCCCCEECCC,0.0612,0.102,0.8367,./Dusp4_example/rfdiffusion_out/filter_results/Dusp4_A_2.pdb,1.3791,1.6878,PGGPPADPWTGEPTPLPSECTLYPDSEGSRPVPPGLRGRVYPDARAPGA,MVTMEELREMDCSVLKRLMNRDENGGGAGGSGSHGTLGLPSGGKCLLLDCRPFLAHSAGYILGSVNVRCNTIVRRRAKGSVSLEQILPAEEEVRARLRSGLYSAVIVYDERSPRAESLREDSTVSLVVQALRRNAERTDICLLKGGYERFSSEYPEFCSKTKALAAIPPPVPPSATEPLDLGCSSCGTPLHDQGGPVEILPFLYLGSAYHAARRDMLDALGITALLNVSSDCPNHFEGHYQYKCIPVEDNHKADISSWFMEAIEYIDAVKDCRGRVLVHCQAGISRSATICLAYLMMKKRVRLEEAFEFVKQRRSIISPNFSFMGQLLQFESQVLATSCAAEAASPGGPPADPWTGEPTPLPSECTLYPDSEGSRPVPPGLRGRVYPDARAPGA,0.5517868995666504,72.86261,CCCCCCCTTTCCCCCCCSCCCCCCCCSSCCCCCTTCSCCCCCCCCCCCC,CCCCCCCCCCCCCCCCCCCCCCCCCCCCCCCCCCCCCCCCCCCCCCCCC,0.0,0.0,1.0,True
Dusp4_A_2_mpnn_17,Dusp4_A_2,346-394,TTSSCSCCCCCCCCPPPSCEEECCCSSCSSCCCTTSTTCCCTTCEESCC,CCCCCCCCCCCCCCHHHCCEEECCCCCCCCCCCCCCCCCCCCCCEECCC,0.0612,0.102,0.8367,./Dusp4_example/rfdiffusion_out/filter_results/Dusp4_A_2.pdb,1.3419,1.693,PGGPVSDPWTGEPVPQPQSVLLYPDSEGDRPVPPGLRGTEYPNAVAAPR,MVTMEELREMDCSVLKRLMNRDENGGGAGGSGSHGTLGLPSGGKCLLLDCRPFLAHSAGYILGSVNVRCNTIVRRRAKGSVSLEQILPAEEEVRARLRSGLYSAVIVYDERSPRAESLREDSTVSLVVQALRRNAERTDICLLKGGYERFSSEYPEFCSKTKALAAIPPPVPPSATEPLDLGCSSCGTPLHDQGGPVEILPFLYLGSAYHAARRDMLDALGITALLNVSSDCPNHFEGHYQYKCIPVEDNHKADISSWFMEAIEYIDAVKDCRGRVLVHCQAGISRSATICLAYLMMKKRVRLEEAFEFVKQRRSIISPNFSFMGQLLQFESQVLATSCAAEAASPGGPVSDPWTGEPVPQPQSVLLYPDSEGDRPVPPGLRGTEYPNAVAAPR,0.5628759860992432,74.70734,TTCCCBCTTTCSBCCCCCCCCCCCCCCCCCCCCCCCCCCCCCCCCCCCC,CCCCCECCCCCCECCCCCCCCCCCCCCCCCCCCCCCCCCCCCCCCCCCC,0.0,0.0408,0.9592,True
Dusp4_A_2_mpnn_18,Dusp4_A_2,346-394,TTSSCSCCCCCCCCPPPSCEEECCCSSCSSCCCTTSTTCCCTTCEESCC,CCCCCCCCCCCCCCHHHCCEEECCCCCCCCCCCCCCCCCCCCCCEECCC,0.0612,0.102,0.8367,./Dusp4_example/rfdiffusion_out/filter_results/Dusp4_A_2.pdb,1.3956,1.6891,PGGPRTDLFDDRPVPRPATVTLLPASEGDRPVPPGLRGKEYPDPRAPGP,MVTMEELREMDCSVLKRLMNRDENGGGAGGSGSHGTLGLPSGGKCLLLDCRPFLAHSAGYILGSVNVRCNTIVRRRAKGSVSLEQILPAEEEVRARLRSGLYSAVIVYDERSPRAESLREDSTVSLVVQALRRNAERTDICLLKGGYERFSSEYPEFCSKTKALAAIPPPVPPSATEPLDLGCSSCGTPLHDQGGPVEILPFLYLGSAYHAARRDMLDALGITALLNVSSDCPNHFEGHYQYKCIPVEDNHKADISSWFMEAIEYIDAVKDCRGRVLVHCQAGISRSATICLAYLMMKKRVRLEEAFEFVKQRRSIISPNFSFMGQLLQFESQVLATSCAAEAASPGGPRTDLFDDRPVPRPATVTLLPASEGDRPVPPGLRGKEYPDPRAPGP,0.5580183267593384,73.74365,TTCCCCCSSCCCCCCCCCCCCCCCCCCCCCCCCSCCCCCCCCCSCCCCC,CCCCCCCCCCCCCCCCCCCCCCCCCCCCCCCCCCCCCCCCCCCCCCCCC,0.0,0.0,1.0,True
Dusp4_A_2_mpnn_19,Dusp4_A_2,346-394,TTSSCSCCCCCCCCPPPSCEEECCCSSCSSCCCTTSTTCCCTTCEESCC,CCCCCCCCCCCCCCHHHCCEEECCCCCCCCCCCCCCCCCCCCCCEECCC,0.0612,0.102,0.8367,./Dusp4_example/rfdiffusion_out/filter_results/Dusp4_A_2.pdb,1.396,1.6629,PGGPVKDPWTGRPVPHSRQVRLYPAETGDSPVPPGLRGLLFPDALRPGR,MVTMEELREMDCSVLKRLMNRDENGGGAGGSGSHGTLGLPSGGKCLLLDCRPFLAHSAGYILGSVNVRCNTIVRRRAKGSVSLEQILPAEEEVRARLRSGLYSAVIVYDERSPRAESLREDSTVSLVVQALRRNAERTDICLLKGGYERFSSEYPEFCSKTKALAAIPPPVPPSATEPLDLGCSSCGTPLHDQGGPVEILPFLYLGSAYHAARRDMLDALGITALLNVSSDCPNHFEGHYQYKCIPVEDNHKADISSWFMEAIEYIDAVKDCRGRVLVHCQAGISRSATICLAYLMMKKRVRLEEAFEFVKQRRSIISPNFSFMGQLLQFESQVLATSCAAEAASPGGPVKDPWTGRPVPHSRQVRLYPAETGDSPVPPGLRGLLFPDALRPGR,0.5615376830101013,73.529976,TTPPPBPTTTCSBPPGGGCCCCCCCCCCCCCCCTTSSCCCCCCCCCCCC,CCHHHEHCCCCCEHHHHHCCCCCCCCCCCCCCCCCCCCCCCCCCCCCCC,0.1837,0.0408,0.7755,True
Dusp4_A_8_mpnn_0,Dusp4_A_8,346-394,SSHIIIIICCPPPPPGGGTCCCCCCCCCCCCSPPPPPCCCEEECSSCCC,CCHHHHHHCCHHHHHHHHCCCCCCCCCCCCCCHHHHHCCCEEECCCCCC,0.3878,0.0612,0.551,./Dusp4_example/rfdiffusion_out/filter_results/Dusp4_A_8.pdb,1.2819,1.6575,PGKRVAELGLHPCEPLEEWLTEVPEVELEPTTELLPPQPIKETLATPLA,MVTMEELREMDCSVLKRLMNRDENGGGAGGSGSHGTLGLPSGGKCLLLDCRPFLAHSAGYILGSVNVRCNTIVRRRAKGSVSLEQILPAEEEVRARLRSGLYSAVIVYDERSPRAESLREDSTVSLVVQALRRNAERTDICLLKGGYERFSSEYPEFCSKTKALAAIPPPVPPSATEPLDLGCSSCGTPLHDQGGPVEILPFLYLGSAYHAARRDMLDALGITALLNVSSDCPNHFEGHYQYKCIPVEDNHKADISSWFMEAIEYIDAVKDCRGRVLVHCQAGISRSATICLAYLMMKKRVRLEEAFEFVKQRRSIISPNFSFMGQLLQFESQVLATSCAAEAASPGKRVAELGLHPCEPLEEWLTEVPEVELEPTTELLPPQPIKETLATPLA,0.5495575666427612,73.81924,TTSCCSCCCCCCCCCTTGGGSCSCCCCCCCCCCCCCCCCCCCCCCCCCC,CCCCCCCCCCCCCCCCCHHHCCCCCCCCCCCCCCCCCCCCCCCCCCCCC,0.0612,0.0,0.9388,True
Dusp4_A_8_mpnn_1,Dusp4_A_8,346-394,SSHIIIIICCPPPPPGGGTCCCCCCCCCCCCSPPPPPCCCEEECSSCCC,CCHHHHHHCCHHHHHHHHCCCCCCCCCCCCCCHHHHHCCCEEECCCCCC,0.3878,0.0612,0.551,./Dusp4_example/rfdiffusion_out/filter_results/Dusp4_A_8.pdb,1.3778,1.6748,PGSAIEKLGLQPCEPVETWMKFVPPVKLTPKTELKPPQPIQTRWATPLK,MVTMEELREMDCSVLKRLMNRDENGGGAGGSGSHGTLGLPSGGKCLLLDCRPFLAHSAGYILGSVNVRCNTIVRRRAKGSVSLEQILPAEEEVRARLRSGLYSAVIVYDERSPRAESLREDSTVSLVVQALRRNAERTDICLLKGGYERFSSEYPEFCSKTKALAAIPPPVPPSATEPLDLGCSSCGTPLHDQGGPVEILPFLYLGSAYHAARRDMLDALGITALLNVSSDCPNHFEGHYQYKCIPVEDNHKADISSWFMEAIEYIDAVKDCRGRVLVHCQAGISRSATICLAYLMMKKRVRLEEAFEFVKQRRSIISPNFSFMGQLLQFESQVLATSCAAEAASPGSAIEKLGLQPCEPVETWMKFVPPVKLTPKTELKPPQPIQTRWATPLK,0.5315090417861938,72.67171,TTCCCCCCCCCCCCCSCSGGGGSCCCCCCCCCCCCCCCCCCCCCCCCCC,CCCCCCCCCCCCCCCCCCHHHHCCCCCCCCCCCCCCCCCCCCCCCCCCC,0.0816,0.0,0.9184,False
Dusp4_A_8_mpnn_2,Dusp4_A_8,346-394,SSHIIIIICCPPPPPGGGTCCCCCCCCCCCCSPPPPPCCCEEECSSCCC,CCHHHHHHCCHHHHHHHHCCCCCCCCCCCCCCHHHHHCCCEEECCCCCC,0.3878,0.0612,0.551,./Dusp4_example/rfdiffusion_out/filter_results/Dusp4_A_8.pdb,1.3568,1.6505,PGRAEAVLGLEPCEPVSKWLKKVEPVELVPRTKMRPPQPIKTVVATPLP,MVTMEELREMDCSVLKRLMNRDENGGGAGGSGSHGTLGLPSGGKCLLLDCRPFLAHSAGYILGSVNVRCNTIVRRRAKGSVSLEQILPAEEEVRARLRSGLYSAVIVYDERSPRAESLREDSTVSLVVQALRRNAERTDICLLKGGYERFSSEYPEFCSKTKALAAIPPPVPPSATEPLDLGCSSCGTPLHDQGGPVEILPFLYLGSAYHAARRDMLDALGITALLNVSSDCPNHFEGHYQYKCIPVEDNHKADISSWFMEAIEYIDAVKDCRGRVLVHCQAGISRSATICLAYLMMKKRVRLEEAFEFVKQRRSIISPNFSFMGQLLQFESQVLATSCAAEAASPGRAEAVLGLEPCEPVSKWLKKVEPVELVPRTKMRPPQPIKTVVATPLP,0.5426194071769714,73.21625,TTXTTTCTTSCCCCCTHHHHHTCCCCCCCCCCCCCCCCCCCCCCCPPPC,CCXCCCCCCCCCCCCCHHHHHCCCCCCCCCCCCCCCCCCCCCCCCHHHC,0.1633,0.0,0.8163,True
Dusp4_A_8_mpnn_3,Dusp4_A_8,346-394,SSHIIIIICCPPPPPGGGTCCCCCCCCCCCCSPPPPPCCCEEECSSCCC,CCHHHHHHCCHHHHHHHHCCCCCCCCCCCCCCHHHHHCCCEEECCCCCC,0.3878,0.0612,0.551,./Dusp4_example/rfdiffusion_out/filter_results/Dusp4_A_8.pdb,1.2323,1.6597,PGRARRELGLEPCEPLAVWLREVPEVELEPETEMLPEKPIETHWATPLA,MVTMEELREMDCSVLKRLMNRDENGGGAGGSGSHGTLGLPSGGKCLLLDCRPFLAHSAGYILGSVNVRCNTIVRRRAKGSVSLEQILPAEEEVRARLRSGLYSAVIVYDERSPRAESLREDSTVSLVVQALRRNAERTDICLLKGGYERFSSEYPEFCSKTKALAAIPPPVPPSATEPLDLGCSSCGTPLHDQGGPVEILPFLYLGSAYHAARRDMLDALGITALLNVSSDCPNHFEGHYQYKCIPVEDNHKADISSWFMEAIEYIDAVKDCRGRVLVHCQAGISRSATICLAYLMMKKRVRLEEAFEFVKQRRSIISPNFSFMGQLLQFESQVLATSCAAEAASPGRARRELGLEPCEPLAVWLREVPEVELEPETEMLPEKPIETHWATPLA,0.542038083076477,73.02153,TTSTTSSCCCCCCCCHHHHTTCSCCCCCCCCCCCCCCCCCCCCCCPPPC,CCCCCCCCCCCCCCCHHHHCCCCCCCCCCCCCCCCCCCCCCCCCCHHHC,0.1429,0.0,0.8571,True
Dusp4_A_8_mpnn_4,Dusp4_A_8,346-394,SSHIIIIICCPPPPPGGGTCCCCCCCCCCCCSPPPPPCCCEEECSSCCC,CCHHHHHHCCHHHHHHHHCCCCCCCCCCCCCCHHHHHCCCEEECCCCCC,0.3878,0.0612,0.551,./Dusp4_example/rfdiffusion_out/filter_results/Dusp4_A_8.pdb,1.3197,1.6754,PGRVAQELGLAPCEPLSAWLSEVEPVELEPETEMKPPQPIKTFQATPLA,MVTMEELREMDCSVLKRLMNRDENGGGAGGSGSHGTLGLPSGGKCLLLDCRPFLAHSAGYILGSVNVRCNTIVRRRAKGSVSLEQILPAEEEVRARLRSGLYSAVIVYDERSPRAESLREDSTVSLVVQALRRNAERTDICLLKGGYERFSSEYPEFCSKTKALAAIPPPVPPSATEPLDLGCSSCGTPLHDQGGPVEILPFLYLGSAYHAARRDMLDALGITALLNVSSDCPNHFEGHYQYKCIPVEDNHKADISSWFMEAIEYIDAVKDCRGRVLVHCQAGISRSATICLAYLMMKKRVRLEEAFEFVKQRRSIISPNFSFMGQLLQFESQVLATSCAAEAASPGRVAQELGLAPCEPLSAWLSEVEPVELEPETEMKPPQPIKTFQATPLA,0.5439521670341492,73.49324,TTTHHHHCCCCCCCCHHHHHHHSCCCCCCCCCCCCCCCCCCCCCCCCCC,CCCHHHHCCCCCCCCHHHHHHHCCCCCCCCCCCCCCCCCCCCCCCCCCC,0.2245,0.0,0.7755,True
Dusp4_A_8_mpnn_7,Dusp4_A_8,346-394,SSHIIIIICCPPPPPGGGTCCCCCCCCCCCCSPPPPPCCCEEECSSCCC,CCHHHHHHCCHHHHHHHHCCCCCCCCCCCCCCHHHHHCCCEEECCCCCC,0.3878,0.0612,0.551,./Dusp4_example/rfdiffusion_out/filter_results/Dusp4_A_8.pdb,1.3409,1.6641,PGRRERELGLRPCEPRETWLRTVPEVKLKPRTKLKPPQPIERVIATPLA,MVTMEELREMDCSVLKRLMNRDENGGGAGGSGSHGTLGLPSGGKCLLLDCRPFLAHSAGYILGSVNVRCNTIVRRRAKGSVSLEQILPAEEEVRARLRSGLYSAVIVYDERSPRAESLREDSTVSLVVQALRRNAERTDICLLKGGYERFSSEYPEFCSKTKALAAIPPPVPPSATEPLDLGCSSCGTPLHDQGGPVEILPFLYLGSAYHAARRDMLDALGITALLNVSSDCPNHFEGHYQYKCIPVEDNHKADISSWFMEAIEYIDAVKDCRGRVLVHCQAGISRSATICLAYLMMKKRVRLEEAFEFVKQRRSIISPNFSFMGQLLQFESQVLATSCAAEAASPGRRERELGLRPCEPRETWLRTVPEVKLKPRTKLKPPQPIERVIATPLA,0.5392611026763916,73.30905,TTTHHHHCSCCCCCCGGGGGSCSCCCCCCCCCCCCCCCCCCCCCCPPPC,CCCHHHHCCCCCCCCHHHHHCCCCCCCCCCCCCCCCCCCCCCCCCHHHC,0.2449,0.0,0.7551,False
Dusp4_A_8_mpnn_9,Dusp4_A_8,346-394,SSHIIIIICCPPPPPGGGTCCCCCCCCCCCCSPPPPPCCCEEECSSCCC,CCHHHHHHCCHHHHHHHHCCCCCCCCCCCCCCHHHHHCCCEEECCCCCC,0.3878,0.0612,0.551,./Dusp4_example/rfdiffusion_out/filter_results/Dusp4_A_8.pdb,1.338,1.651,PGRRERELGLRPCEPVAEWLQYVPEVLLTPTTEPKPPKPIKTFWATPLR,MVTMEELREMDCSVLKRLMNRDENGGGAGGSGSHGTLGLPSGGKCLLLDCRPFLAHSAGYILGSVNVRCNTIVRRRAKGSVSLEQILPAEEEVRARLRSGLYSAVIVYDERSPRAESLREDSTVSLVVQALRRNAERTDICLLKGGYERFSSEYPEFCSKTKALAAIPPPVPPSATEPLDLGCSSCGTPLHDQGGPVEILPFLYLGSAYHAARRDMLDALGITALLNVSSDCPNHFEGHYQYKCIPVEDNHKADISSWFMEAIEYIDAVKDCRGRVLVHCQAGISRSATICLAYLMMKKRVRLEEAFEFVKQRRSIISPNFSFMGQLLQFESQVLATSCAAEAASPGRRERELGLRPCEPVAEWLQYVPEVLLTPTTEPKPPKPIKTFWATPLR,0.5352392196655273,72.60797,TTSHHHHCCCCCCCCGGGGGGGSCCCCCCCCCCCCCCCCCCCCCCCCCC,CCCHHHHCCCCCCCCHHHHHHHCCCCCCCCCCCCCCCCCCCCCCCCCCC,0.2245,0.0,0.7755,False
Dusp4_A_8_mpnn_10,Dusp4_A_8,346-394,SSHIIIIICCPPPPPGGGTCCCCCCCCCCCCSPPPPPCCCEEECSSCCC,CCHHHHHHCCHHHHHHHHCCCCCCCCCCCCCCHHHHHCCCEEECCCCCC,0.3878,0.0612,0.551,./Dusp4_example/rfdiffusion_out/filter_results/Dusp4_A_8.pdb,1.3436,1.6922,PGYVRRYLGLHPCEPIETWLQTYEPVELTPETELKPPKPIKTYLATPLK,MVTMEELREMDCSVLKRLMNRDENGGGAGGSGSHGTLGLPSGGKCLLLDCRPFLAHSAGYILGSVNVRCNTIVRRRAKGSVSLEQILPAEEEVRARLRSGLYSAVIVYDERSPRAESLREDSTVSLVVQALRRNAERTDICLLKGGYERFSSEYPEFCSKTKALAAIPPPVPPSATEPLDLGCSSCGTPLHDQGGPVEILPFLYLGSAYHAARRDMLDALGITALLNVSSDCPNHFEGHYQYKCIPVEDNHKADISSWFMEAIEYIDAVKDCRGRVLVHCQAGISRSATICLAYLMMKKRVRLEEAFEFVKQRRSIISPNFSFMGQLLQFESQVLATSCAAEAASPGYVRRYLGLHPCEPIETWLQTYEPVELTPETELKPPKPIKTYLATPLK,0.5462557077407837,72.64977,TTXTTSCSSCCCCCCTHHHHHTCCCCCCCTTCCCCCCCCCCCCCCCCCC,CCXCCCCCCCCCCCCCHHHHHCCCCCCCCCCCCCCCCCCCCCCCCCCCC,0.102,0.0,0.8776,True
Dusp4_A_8_mpnn_11,Dusp4_A_8,346-394,SSHIIIIICCPPPPPGGGTCCCCCCCCCCCCSPPPPPCCCEEECSSCCC,CCHHHHHHCCHHHHHHHHCCCCCCCCCCCCCCHHHHHCCCEEECCCCCC,0.3878,0.0612,0.551,./Dusp4_example/rfdiffusion_out/filter_results/Dusp4_A_8.pdb,1.3197,1.6605,PGAAQAELGLRPCEPIATWLQQVEPVELKPTSELKPEQPIKTHWATPLK,MVTMEELREMDCSVLKRLMNRDENGGGAGGSGSHGTLGLPSGGKCLLLDCRPFLAHSAGYILGSVNVRCNTIVRRRAKGSVSLEQILPAEEEVRARLRSGLYSAVIVYDERSPRAESLREDSTVSLVVQALRRNAERTDICLLKGGYERFSSEYPEFCSKTKALAAIPPPVPPSATEPLDLGCSSCGTPLHDQGGPVEILPFLYLGSAYHAARRDMLDALGITALLNVSSDCPNHFEGHYQYKCIPVEDNHKADISSWFMEAIEYIDAVKDCRGRVLVHCQAGISRSATICLAYLMMKKRVRLEEAFEFVKQRRSIISPNFSFMGQLLQFESQVLATSCAAEAASPGAAQAELGLRPCEPIATWLQQVEPVELKPTSELKPEQPIKTHWATPLK,0.5495147705078125,73.32048,TTXTTSCCCCCCCCCHHHHHHHSCCCCCCCCCCCCCCCCCCCCCCPPPC,CCXCCCCCCCCCCCCHHHHHHHCCCCCCCCCCCCCCCCCCCCCCCHHHC,0.2041,0.0,0.7755,True
Dusp4_A_8_mpnn_12,Dusp4_A_8,346-394,SSHIIIIICCPPPPPGGGTCCCCCCCCCCCCSPPPPPCCCEEECSSCCC,CCHHHHHHCCHHHHHHHHCCCCCCCCCCCCCCHHHHHCCCEEECCCCCC,0.3878,0.0612,0.551,./Dusp4_example/rfdiffusion_out/filter_results/Dusp4_A_8.pdb,1.3739,1.6793,PGALQAEKGLRPCEPVSSWLRFVPEVELEPLTELRPKQPIHEYWAKPLA,MVTMEELREMDCSVLKRLMNRDENGGGAGGSGSHGTLGLPSGGKCLLLDCRPFLAHSAGYILGSVNVRCNTIVRRRAKGSVSLEQILPAEEEVRARLRSGLYSAVIVYDERSPRAESLREDSTVSLVVQALRRNAERTDICLLKGGYERFSSEYPEFCSKTKALAAIPPPVPPSATEPLDLGCSSCGTPLHDQGGPVEILPFLYLGSAYHAARRDMLDALGITALLNVSSDCPNHFEGHYQYKCIPVEDNHKADISSWFMEAIEYIDAVKDCRGRVLVHCQAGISRSATICLAYLMMKKRVRLEEAFEFVKQRRSIISPNFSFMGQLLQFESQVLATSCAAEAASPGALQAEKGLRPCEPVSSWLRFVPEVELEPLTELRPKQPIHEYWAKPLA,0.537510097026825,72.59427,TTGGGSCSCCCCCCCSGGGGGCSCCCCCCCCCCCCCCCCCCCCCCCCCC,CCHHHCCCCCCCCCCCHHHHHCCCCCCCCCCCCCCCCCCCCCCCCCCCC,0.1633,0.0,0.8367,False
Dusp4_A_8_mpnn_13,Dusp4_A_8,346-394,SSHIIIIICCPPPPPGGGTCCCCCCCCCCCCSPPPPPCCCEEECSSCCC,CCHHHHHHCCHHHHHHHHCCCCCCCCCCCCCCHHHHHCCCEEECCCCCC,0.3878,0.0612,0.551,./Dusp4_example/rfdiffusion_out/filter_results/Dusp4_A_8.pdb,1.2383,1.6566,PGRAVAELGLHPCAPVEEWLRNVEPVELTPTTEMKPPQPIETHWATPLA,MVTMEELREMDCSVLKRLMNRDENGGGAGGSGSHGTLGLPSGGKCLLLDCRPFLAHSAGYILGSVNVRCNTIVRRRAKGSVSLEQILPAEEEVRARLRSGLYSAVIVYDERSPRAESLREDSTVSLVVQALRRNAERTDICLLKGGYERFSSEYPEFCSKTKALAAIPPPVPPSATEPLDLGCSSCGTPLHDQGGPVEILPFLYLGSAYHAARRDMLDALGITALLNVSSDCPNHFEGHYQYKCIPVEDNHKADISSWFMEAIEYIDAVKDCRGRVLVHCQAGISRSATICLAYLMMKKRVRLEEAFEFVKQRRSIISPNFSFMGQLLQFESQVLATSCAAEAASPGRAVAELGLHPCAPVEEWLRNVEPVELTPTTEMKPPQPIETHWATPLA,0.5427746176719666,73.470024,TTSCCSCCCCCCCCCHHHHHHHSCCCCCCCCCCCCCCCCCCCCCCCCCC,CCCCCCCCCCCCCCCHHHHHHHCCCCCCCCCCCCCCCCCCCCCCCCCCC,0.1429,0.0,0.8571,True
Dusp4_A_8_mpnn_14,Dusp4_A_8,346-394,SSHIIIIICCPPPPPGGGTCCCCCCCCCCCCSPPPPPCCCEEECSSCCC,CCHHHHHHCCHHHHHHHHCCCCCCCCCCCCCCHHHHHCCCEEECCCCCC,0.3878,0.0612,0.551,./Dusp4_example/rfdiffusion_out/filter_results/Dusp4_A_8.pdb,1.2961,1.6673,PGGIEATKGLQPCEPLSAWRRTVAPVELVPTTEMKPPQEIKTVWATPLA,MVTMEELREMDCSVLKRLMNRDENGGGAGGSGSHGTLGLPSGGKCLLLDCRPFLAHSAGYILGSVNVRCNTIVRRRAKGSVSLEQILPAEEEVRARLRSGLYSAVIVYDERSPRAESLREDSTVSLVVQALRRNAERTDICLLKGGYERFSSEYPEFCSKTKALAAIPPPVPPSATEPLDLGCSSCGTPLHDQGGPVEILPFLYLGSAYHAARRDMLDALGITALLNVSSDCPNHFEGHYQYKCIPVEDNHKADISSWFMEAIEYIDAVKDCRGRVLVHCQAGISRSATICLAYLMMKKRVRLEEAFEFVKQRRSIISPNFSFMGQLLQFESQVLATSCAAEAASPGGIEATKGLQPCEPLSAWRRTVAPVELVPTTEMKPPQEIKTVWATPLA,0.5468034148216248,72.885796,CSCCCCCTTCCCCCCGGGGGGGCCCCCCCCCCCCCCCCCCCCCCCCCCC,CCCCCCCCCCCCCCCHHHHHHHCCCCCCCCCCCCCCCCCCCCCCCCCCC,0.1429,0.0,0.8571,True
Dusp4_A_8_mpnn_15,Dusp4_A_8,346-394,SSHIIIIICCPPPPPGGGTCCCCCCCCCCCCSPPPPPCCCEEECSSCCC,CCHHHHHHCCHHHHHHHHCCCCCCCCCCCCCCHHHHHCCCEEECCCCCC,0.3878,0.0612,0.551,./Dusp4_example/rfdiffusion_out/filter_results/Dusp4_A_8.pdb,1.2613,1.6681,PGRVERELGLAPCEPLETWLRTVEEVELEPTTELKPAQKIDTVWATPLA,MVTMEELREMDCSVLKRLMNRDENGGGAGGSGSHGTLGLPSGGKCLLLDCRPFLAHSAGYILGSVNVRCNTIVRRRAKGSVSLEQILPAEEEVRARLRSGLYSAVIVYDERSPRAESLREDSTVSLVVQALRRNAERTDICLLKGGYERFSSEYPEFCSKTKALAAIPPPVPPSATEPLDLGCSSCGTPLHDQGGPVEILPFLYLGSAYHAARRDMLDALGITALLNVSSDCPNHFEGHYQYKCIPVEDNHKADISSWFMEAIEYIDAVKDCRGRVLVHCQAGISRSATICLAYLMMKKRVRLEEAFEFVKQRRSIISPNFSFMGQLLQFESQVLATSCAAEAASPGRVERELGLAPCEPLETWLRTVEEVELEPTTELKPAQKIDTVWATPLA,0.5416464805603027,72.90509,TTSTTSCCCCCCCCCHHHHHHHHHSSCCCCCCCCCCCCCCCCCCCCCCC,CCCCCCCCCCCCCCCHHHHHHHHHCCCCCCCCCCCCCCCCCCCCCCCCC,0.1837,0.0,0.8163,True
Dusp4_A_8_mpnn_16,Dusp4_A_8,346-394,SSHIIIIICCPPPPPGGGTCCCCCCCCCCCCSPPPPPCCCEEECSSCCC,CCHHHHHHCCHHHHHHHHCCCCCCCCCCCCCCHHHHHCCCEEECCCCCC,0.3878,0.0612,0.551,./Dusp4_example/rfdiffusion_out/filter_results/Dusp4_A_8.pdb,1.3879,1.6777,PGGRRLFEGLEPCEPVSTWLTMVPAVELTPLFELKPPQPIKEHLARPLA,MVTMEELREMDCSVLKRLMNRDENGGGAGGSGSHGTLGLPSGGKCLLLDCRPFLAHSAGYILGSVNVRCNTIVRRRAKGSVSLEQILPAEEEVRARLRSGLYSAVIVYDERSPRAESLREDSTVSLVVQALRRNAERTDICLLKGGYERFSSEYPEFCSKTKALAAIPPPVPPSATEPLDLGCSSCGTPLHDQGGPVEILPFLYLGSAYHAARRDMLDALGITALLNVSSDCPNHFEGHYQYKCIPVEDNHKADISSWFMEAIEYIDAVKDCRGRVLVHCQAGISRSATICLAYLMMKKRVRLEEAFEFVKQRRSIISPNFSFMGQLLQFESQVLATSCAAEAASPGGRRLFEGLEPCEPVSTWLTMVPAVELTPLFELKPPQPIKEHLARPLA,0.532073438167572,72.93583,TTCCCCCCSSCCCCCCCTTTTTSCCCCCCCCCCCCCCCCCCCCCCCCCC,CCCCCCCCCCCCCCCCCCCCCCCCCCCCCCCCCCCCCCCCCCCCCCCCC,0.0,0.0,1.0,False
Dusp4_A_8_mpnn_17,Dusp4_A_8,346-394,SSHIIIIICCPPPPPGGGTCCCCCCCCCCCCSPPPPPCCCEEECSSCCC,CCHHHHHHCCHHHHHHHHCCCCCCCCCCCCCCHHHHHCCCEEECCCCCC,0.3878,0.0612,0.551,./Dusp4_example/rfdiffusion_out/filter_results/Dusp4_A_8.pdb,1.3447,1.6847,PGRREALLGLHPCEPLETWLKNVPEVELEPVTEMNPPQEIKIRWATPLA,MVTMEELREMDCSVLKRLMNRDENGGGAGGSGSHGTLGLPSGGKCLLLDCRPFLAHSAGYILGSVNVRCNTIVRRRAKGSVSLEQILPAEEEVRARLRSGLYSAVIVYDERSPRAESLREDSTVSLVVQALRRNAERTDICLLKGGYERFSSEYPEFCSKTKALAAIPPPVPPSATEPLDLGCSSCGTPLHDQGGPVEILPFLYLGSAYHAARRDMLDALGITALLNVSSDCPNHFEGHYQYKCIPVEDNHKADISSWFMEAIEYIDAVKDCRGRVLVHCQAGISRSATICLAYLMMKKRVRLEEAFEFVKQRRSIISPNFSFMGQLLQFESQVLATSCAAEAASPGRREALLGLHPCEPLETWLKNVPEVELEPVTEMNPPQEIKIRWATPLA,0.5404762029647827,72.984825,TTTHHHHTTSCSCCCHHHHHHHSCCCCCCCCCCCCCCCCCCCCCCCCCC,CCCHHHHCCCCCCCCHHHHHHHCCCCCCCCCCCCCCCCCCCCCCCCCCC,0.2245,0.0,0.7755,True
Dusp4_A_8_mpnn_18,Dusp4_A_8,346-394,SSHIIIIICCPPPPPGGGTCCCCCCCCCCCCSPPPPPCCCEEECSSCCC,CCHHHHHHCCHHHHHHHHCCCCCCCCCCCCCCHHHHHCCCEEECCCCCC,0.3878,0.0612,0.551,./Dusp4_example/rfdiffusion_out/filter_results/Dusp4_A_8.pdb,1.3576,1.6828,PGAVRAELGLAPCEPVERWLRTVEPVSLKPRYSLRPPQPIKSRWATPLA,MVTMEELREMDCSVLKRLMNRDENGGGAGGSGSHGTLGLPSGGKCLLLDCRPFLAHSAGYILGSVNVRCNTIVRRRAKGSVSLEQILPAEEEVRARLRSGLYSAVIVYDERSPRAESLREDSTVSLVVQALRRNAERTDICLLKGGYERFSSEYPEFCSKTKALAAIPPPVPPSATEPLDLGCSSCGTPLHDQGGPVEILPFLYLGSAYHAARRDMLDALGITALLNVSSDCPNHFEGHYQYKCIPVEDNHKADISSWFMEAIEYIDAVKDCRGRVLVHCQAGISRSATICLAYLMMKKRVRLEEAFEFVKQRRSIISPNFSFMGQLLQFESQVLATSCAAEAASPGAVRAELGLAPCEPVERWLRTVEPVSLKPRYSLRPPQPIKSRWATPLA,0.5306651592254639,72.81174,TTSCSSSCCSCCCCCTHHHHHSSCCCCCCCCCCCCCCCCCCCCCCCCCC,CCCCCCCCCCCCCCCCHHHHHCCCCCCCCCCCCCCCCCCCCCCCCCCCC,0.102,0.0,0.898,False
Dusp4_A_8_mpnn_19,Dusp4_A_8,346-394,SSHIIIIICCPPPPPGGGTCCCCCCCCCCCCSPPPPPCCCEEECSSCCC,CCHHHHHHCCHHHHHHHHCCCCCCCCCCCCCCHHHHHCCCEEECCCCCC,0.3878,0.0612,0.551,./Dusp4_example/rfdiffusion_out/filter_results/Dusp4_A_8.pdb,1.2852,1.6629,PGRRRRELGLEPCEPVETFLTYVPEVKLEPTTELKPPLPIKSYIATPLL,MVTMEELREMDCSVLKRLMNRDENGGGAGGSGSHGTLGLPSGGKCLLLDCRPFLAHSAGYILGSVNVRCNTIVRRRAKGSVSLEQILPAEEEVRARLRSGLYSAVIVYDERSPRAESLREDSTVSLVVQALRRNAERTDICLLKGGYERFSSEYPEFCSKTKALAAIPPPVPPSATEPLDLGCSSCGTPLHDQGGPVEILPFLYLGSAYHAARRDMLDALGITALLNVSSDCPNHFEGHYQYKCIPVEDNHKADISSWFMEAIEYIDAVKDCRGRVLVHCQAGISRSATICLAYLMMKKRVRLEEAFEFVKQRRSIISPNFSFMGQLLQFESQVLATSCAAEAASPGRRRRELGLEPCEPVETFLTYVPEVKLEPTTELKPPLPIKSYIATPLL,0.5382230281829834,72.83574,TTSGGGSCCSCCCCCCCCSCCCCCCCCCCCCCCCCCCCCCCCCCCCCCC,CCCHHHCCCCCCCCCCCCCCCCCCCCCCCCCCCCCCCCCCCCCCCCCCC,0.0612,0.0,0.9388,False
