index,backbone,segment,ss8,ss3,H_prop,E_prop,C_prop,backbone_pdb,score,global_core,region,sequence,whether_pass
Dusp4_A_2_mpnn_0,Dusp4_A_2,346-394,TTSSCSCCCCCCCCPPPSCEEECCCSSCSSCCCTTSTTCCCTTCEESCC,CCCCCCCCCCCCCCHHHCCEEECCCCCCCCCCCCCCCCCCCCCCEECCC,0.0612,0.102,0.8367,./Dusp4_example/rfdiffusion_out/filter_results/Dusp4_A_2.pdb,1.4192,1.6639,VGGPLTDLWSGEPVPHSSTVVLYPGPEGDSPVPASLRGAYYPNALAPGA,MVTMEELREMDCSVLKRLMNRDENGGGAGGSGSHGTLGLPSGGKCLLLDCRPFLAHSAGYILGSVNVRCNTIVRRRAKGSVSLEQILPAEEEVRARLRSGLYSAVIVYDERSPRAESLREDSTVSLVVQALRRNAERTDICLLKGGYERFSSEYPEFCSKTKALAAIPPPVPPSATEPLDLGCSSCGTPLHDQGGPVEILPFLYLGSAYHAARRDMLDALGITALLNVSSDCPNHFEGHYQYKCIPVEDNHKADISSWFMEAIEYIDAVKDCRGRVLVHCQAGISRSATICLAYLMMKKRVRLEEAFEFVKQRRSIISPNFSFMGQLLQFESQVLATSCAAEAASVGGPLTDLWSGEPVPHSSTVVLYPGPEGDSPVPASLRGAYYPNALAPGA,True
Dusp4_A_2_mpnn_1,Dusp4_A_2,346-394,TTSSCSCCCCCCCCPPPSCEEECCCSSCSSCCCTTSTTCCCTTCEESCC,CCCCCCCCCCCCCCHHHCCEEECCCCCCCCCCCCCCCCCCCCCCEECCC,0.0612,0.102,0.8367,./Dusp4_example/rfdiffusion_out/filter_results/Dusp4_A_2.pdb,1.4532,1.7041,LGGPKKNPYSTEPVPLPSLVRRYPDSSGDEPVPPEEKGRLYPNALAPGP,MVTMEELREMDCSVLKRLMNRDENGGGAGGSGSHGTLGLPSGGKCLLLDCRPFLAHSAGYILGSVNVRCNTIVRRRAKGSVSLEQILPAEEEVRARLRSGLYSAVIVYDERSPRAESLREDSTVSLVVQALRRNAERTDICLLKGGYERFSSEYPEFCSKTKALAAIPPPVPPSATEPLDLGCSSCGTPLHDQGGPVEILPFLYLGSAYHAARRDMLDALGITALLNVSSDCPNHFEGHYQYKCIPVEDNHKADISSWFMEAIEYIDAVKDCRGRVLVHCQAGISRSATICLAYLMMKKRVRLEEAFEFVKQRRSIISPNFSFMGQLLQFESQVLATSCAAEAASLGGPKKNPYSTEPVPLPSLVRRYPDSSGDEPVPPEEKGRLYPNALAPGP,False
Dusp4_A_2_mpnn_2,Dusp4_A_2,346-394,TTSSCSCCCCCCCCPPPSCEEECCCSSCSSCCCTTSTTCCCTTCEESCC,CCCCCCCCCCCCCCHHHCCEEECCCCCCCCCCCCCCCCCCCCCCEECCC,0.0612,0.102,0.8367,./Dusp4_example/rfdiffusion_out/filter_results/Dusp4_A_2.pdb,1.4268,1.6682,PGGPLTDQWAGEPVPRSTTCTLLPDSVGSTPVPPGLRGTEYPAPLSPPP,MVTMEELREMDCSVLKRLMNRDENGGGAGGSGSHGTLGLPSGGKCLLLDCRPFLAHSAGYILGSVNVRCNTIVRRRAKGSVSLEQILPAEEEVRARLRSGLYSAVIVYDERSPRAESLREDSTVSLVVQALRRNAERTDICLLKGGYERFSSEYPEFCSKTKALAAIPPPVPPSATEPLDLGCSSCGTPLHDQGGPVEILPFLYLGSAYHAARRDMLDALGITALLNVSSDCPNHFEGHYQYKCIPVEDNHKADISSWFMEAIEYIDAVKDCRGRVLVHCQAGISRSATICLAYLMMKKRVRLEEAFEFVKQRRSIISPNFSFMGQLLQFESQVLATSCAAEAASPGGPLTDQWAGEPVPRSTTCTLLPDSVGSTPVPPGLRGTEYPAPLSPPP,True
Dusp4_A_2_mpnn_3,Dusp4_A_2,346-394,TTSSCSCCCCCCCCPPPSCEEECCCSSCSSCCCTTSTTCCCTTCEESCC,CCCCCCCCCCCCCCHHHCCEEECCCCCCCCCCCCCCCCCCCCCCEECCC,0.0612,0.102,0.8367,./Dusp4_example/rfdiffusion_out/filter_results/Dusp4_A_2.pdb,1.3557,1.6602,PGGPVTDPFTLEPVPHSETVLLLPDSTGSGPVPPGLRGTEFPSALAPPP,MVTMEELREMDCSVLKRLMNRDENGGGAGGSGSHGTLGLPSGGKCLLLDCRPFLAHSAGYILGSVNVRCNTIVRRRAKGSVSLEQILPAEEEVRARLRSGLYSAVIVYDERSPRAESLREDSTVSLVVQALRRNAERTDICLLKGGYERFSSEYPEFCSKTKALAAIPPPVPPSATEPLDLGCSSCGTPLHDQGGPVEILPFLYLGSAYHAARRDMLDALGITALLNVSSDCPNHFEGHYQYKCIPVEDNHKADISSWFMEAIEYIDAVKDCRGRVLVHCQAGISRSATICLAYLMMKKRVRLEEAFEFVKQRRSIISPNFSFMGQLLQFESQVLATSCAAEAASPGGPVTDPFTLEPVPHSETVLLLPDSTGSGPVPPGLRGTEFPSALAPPP,True
Dusp4_A_2_mpnn_4,Dusp4_A_2,346-394,TTSSCSCCCCCCCCPPPSCEEECCCSSCSSCCCTTSTTCCCTTCEESCC,CCCCCCCCCCCCCCHHHCCEEECCCCCCCCCCCCCCCCCCCCCCEECCC,0.0612,0.102,0.8367,./Dusp4_example/rfdiffusion_out/filter_results/Dusp4_A_2.pdb,1.3489,1.6672,PGGPVRDLWSGEPVPLSSQCLLLPDSTGSRPVPADRRGEEFPRPLTPGP,MVTMEELREMDCSVLKRLMNRDENGGGAGGSGSHGTLGLPSGGKCLLLDCRPFLAHSAGYILGSVNVRCNTIVRRRAKGSVSLEQILPAEEEVRARLRSGLYSAVIVYDERSPRAESLREDSTVSLVVQALRRNAERTDICLLKGGYERFSSEYPEFCSKTKALAAIPPPVPPSATEPLDLGCSSCGTPLHDQGGPVEILPFLYLGSAYHAARRDMLDALGITALLNVSSDCPNHFEGHYQYKCIPVEDNHKADISSWFMEAIEYIDAVKDCRGRVLVHCQAGISRSATICLAYLMMKKRVRLEEAFEFVKQRRSIISPNFSFMGQLLQFESQVLATSCAAEAASPGGPVRDLWSGEPVPLSSQCLLLPDSTGSRPVPADRRGEEFPRPLTPGP,True
Dusp4_A_2_mpnn_5,Dusp4_A_2,346-394,TTSSCSCCCCCCCCPPPSCEEECCCSSCSSCCCTTSTTCCCTTCEESCC,CCCCCCCCCCCCCCHHHCCEEECCCCCCCCCCCCCCCCCCCCCCEECCC,0.0612,0.102,0.8367,./Dusp4_example/rfdiffusion_out/filter_results/Dusp4_A_2.pdb,1.2953,1.6758,PGGPVTDLWDGEPVPLSETCVLLPQSWGTEPVPEGLRGAEFPSALAPPP,MVTMEELREMDCSVLKRLMNRDENGGGAGGSGSHGTLGLPSGGKCLLLDCRPFLAHSAGYILGSVNVRCNTIVRRRAKGSVSLEQILPAEEEVRARLRSGLYSAVIVYDERSPRAESLREDSTVSLVVQALRRNAERTDICLLKGGYERFSSEYPEFCSKTKALAAIPPPVPPSATEPLDLGCSSCGTPLHDQGGPVEILPFLYLGSAYHAARRDMLDALGITALLNVSSDCPNHFEGHYQYKCIPVEDNHKADISSWFMEAIEYIDAVKDCRGRVLVHCQAGISRSATICLAYLMMKKRVRLEEAFEFVKQRRSIISPNFSFMGQLLQFESQVLATSCAAEAASPGGPVTDLWDGEPVPLSETCVLLPQSWGTEPVPEGLRGAEFPSALAPPP,True
Dusp4_A_2_mpnn_6,Dusp4_A_2,346-394,TTSSCSCCCCCCCCPPPSCEEECCCSSCSSCCCTTSTTCCCTTCEESCC,CCCCCCCCCCCCCCHHHCCEEECCCCCCCCCCCCCCCCCCCCCCEECCC,0.0612,0.102,0.8367,./Dusp4_example/rfdiffusion_out/filter_results/Dusp4_A_2.pdb,1.3719,1.6661,PGGPRTDLFSGQPVPLPDTVLLLPDEEGSFPVPPGLRRREFPNPLAPGR,MVTMEELREMDCSVLKRLMNRDENGGGAGGSGSHGTLGLPSGGKCLLLDCRPFLAHSAGYILGSVNVRCNTIVRRRAKGSVSLEQILPAEEEVRARLRSGLYSAVIVYDERSPRAESLREDSTVSLVVQALRRNAERTDICLLKGGYERFSSEYPEFCSKTKALAAIPPPVPPSATEPLDLGCSSCGTPLHDQGGPVEILPFLYLGSAYHAARRDMLDALGITALLNVSSDCPNHFEGHYQYKCIPVEDNHKADISSWFMEAIEYIDAVKDCRGRVLVHCQAGISRSATICLAYLMMKKRVRLEEAFEFVKQRRSIISPNFSFMGQLLQFESQVLATSCAAEAASPGGPRTDLFSGQPVPLPDTVLLLPDEEGSFPVPPGLRRREFPNPLAPGR,True
Dusp4_A_2_mpnn_7,Dusp4_A_2,346-394,TTSSCSCCCCCCCCPPPSCEEECCCSSCSSCCCTTSTTCCCTTCEESCC,CCCCCCCCCCCCCCHHHCCEEECCCCCCCCCCCCCCCCCCCCCCEECCC,0.0612,0.102,0.8367,./Dusp4_example/rfdiffusion_out/filter_results/Dusp4_A_2.pdb,1.412,1.6602,PGGPEPDPFTGEPRPLPETVTLYPDSRGATATPPGLRGKRFPNPLALPP,MVTMEELREMDCSVLKRLMNRDENGGGAGGSGSHGTLGLPSGGKCLLLDCRPFLAHSAGYILGSVNVRCNTIVRRRAKGSVSLEQILPAEEEVRARLRSGLYSAVIVYDERSPRAESLREDSTVSLVVQALRRNAERTDICLLKGGYERFSSEYPEFCSKTKALAAIPPPVPPSATEPLDLGCSSCGTPLHDQGGPVEILPFLYLGSAYHAARRDMLDALGITALLNVSSDCPNHFEGHYQYKCIPVEDNHKADISSWFMEAIEYIDAVKDCRGRVLVHCQAGISRSATICLAYLMMKKRVRLEEAFEFVKQRRSIISPNFSFMGQLLQFESQVLATSCAAEAASPGGPEPDPFTGEPRPLPETVTLYPDSRGATATPPGLRGKRFPNPLALPP,True
Dusp4_A_2_mpnn_8,Dusp4_A_2,346-394,TTSSCSCCCCCCCCPPPSCEEECCCSSCSSCCCTTSTTCCCTTCEESCC,CCCCCCCCCCCCCCHHHCCEEECCCCCCCCCCCCCCCCCCCCCCEECCC,0.0612,0.102,0.8367,./Dusp4_example/rfdiffusion_out/filter_results/Dusp4_A_2.pdb,1.5049,1.7003,VGGPPVDPFTGSPRPRPAEVLLLPDEWGTRPVPPGRRRTIYPRPRAAGP,MVTMEELREMDCSVLKRLMNRDENGGGAGGSGSHGTLGLPSGGKCLLLDCRPFLAHSAGYILGSVNVRCNTIVRRRAKGSVSLEQILPAEEEVRARLRSGLYSAVIVYDERSPRAESLREDSTVSLVVQALRRNAERTDICLLKGGYERFSSEYPEFCSKTKALAAIPPPVPPSATEPLDLGCSSCGTPLHDQGGPVEILPFLYLGSAYHAARRDMLDALGITALLNVSSDCPNHFEGHYQYKCIPVEDNHKADISSWFMEAIEYIDAVKDCRGRVLVHCQAGISRSATICLAYLMMKKRVRLEEAFEFVKQRRSIISPNFSFMGQLLQFESQVLATSCAAEAASVGGPPVDPFTGSPRPRPAEVLLLPDEWGTRPVPPGRRRTIYPRPRAAGP,False
Dusp4_A_2_mpnn_9,Dusp4_A_2,346-394,TTSSCSCCCCCCCCPPPSCEEECCCSSCSSCCCTTSTTCCCTTCEESCC,CCCCCCCCCCCCCCHHHCCEEECCCCCCCCCCCCCCCCCCCCCCEECCC,0.0612,0.102,0.8367,./Dusp4_example/rfdiffusion_out/filter_results/Dusp4_A_2.pdb,1.3492,1.6658,PGGPPADLFSGEPRPLPSEVLLLPDSTGSTATPPGLRGALFPNPLAAGP,MVTMEELREMDCSVLKRLMNRDENGGGAGGSGSHGTLGLPSGGKCLLLDCRPFLAHSAGYILGSVNVRCNTIVRRRAKGSVSLEQILPAEEEVRARLRSGLYSAVIVYDERSPRAESLREDSTVSLVVQALRRNAERTDICLLKGGYERFSSEYPEFCSKTKALAAIPPPVPPSATEPLDLGCSSCGTPLHDQGGPVEILPFLYLGSAYHAARRDMLDALGITALLNVSSDCPNHFEGHYQYKCIPVEDNHKADISSWFMEAIEYIDAVKDCRGRVLVHCQAGISRSATICLAYLMMKKRVRLEEAFEFVKQRRSIISPNFSFMGQLLQFESQVLATSCAAEAASPGGPPADLFSGEPRPLPSEVLLLPDSTGSTATPPGLRGALFPNPLAAGP,True
Dusp4_A_2_mpnn_10,Dusp4_A_2,346-394,TTSSCSCCCCCCCCPPPSCEEECCCSSCSSCCCTTSTTCCCTTCEESCC,CCCCCCCCCCCCCCHHHCCEEECCCCCCCCCCCCCCCCCCCCCCEECCC,0.0612,0.102,0.8367,./Dusp4_example/rfdiffusion_out/filter_results/Dusp4_A_2.pdb,1.4212,1.6573,PGGPPTDLFTGEPVPQPASVVLYPDSEGSTPVPPGLRGLVWPAPLSPPP,MVTMEELREMDCSVLKRLMNRDENGGGAGGSGSHGTLGLPSGGKCLLLDCRPFLAHSAGYILGSVNVRCNTIVRRRAKGSVSLEQILPAEEEVRARLRSGLYSAVIVYDERSPRAESLREDSTVSLVVQALRRNAERTDICLLKGGYERFSSEYPEFCSKTKALAAIPPPVPPSATEPLDLGCSSCGTPLHDQGGPVEILPFLYLGSAYHAARRDMLDALGITALLNVSSDCPNHFEGHYQYKCIPVEDNHKADISSWFMEAIEYIDAVKDCRGRVLVHCQAGISRSATICLAYLMMKKRVRLEEAFEFVKQRRSIISPNFSFMGQLLQFESQVLATSCAAEAASPGGPPTDLFTGEPVPQPASVVLYPDSEGSTPVPPGLRGLVWPAPLSPPP,True
Dusp4_A_2_mpnn_11,Dusp4_A_2,346-394,TTSSCSCCCCCCCCPPPSCEEECCCSSCSSCCCTTSTTCCCTTCEESCC,CCCCCCCCCCCCCCHHHCCEEECCCCCCCCCCCCCCCCCCCCCCEECCC,0.0612,0.102,0.8367,./Dusp4_example/rfdiffusion_out/filter_results/Dusp4_A_2.pdb,1.26,1.6663,PGGPVTDLWSGEPVPLPERCLLLPQSWGDTPVPPELRGVEYPNPLAPPR,MVTMEELREMDCSVLKRLMNRDENGGGAGGSGSHGTLGLPSGGKCLLLDCRPFLAHSAGYILGSVNVRCNTIVRRRAKGSVSLEQILPAEEEVRARLRSGLYSAVIVYDERSPRAESLREDSTVSLVVQALRRNAERTDICLLKGGYERFSSEYPEFCSKTKALAAIPPPVPPSATEPLDLGCSSCGTPLHDQGGPVEILPFLYLGSAYHAARRDMLDALGITALLNVSSDCPNHFEGHYQYKCIPVEDNHKADISSWFMEAIEYIDAVKDCRGRVLVHCQAGISRSATICLAYLMMKKRVRLEEAFEFVKQRRSIISPNFSFMGQLLQFESQVLATSCAAEAASPGGPVTDLWSGEPVPLPERCLLLPQSWGDTPVPPELRGVEYPNPLAPPR,True
Dusp4_A_2_mpnn_12,Dusp4_A_2,346-394,TTSSCSCCCCCCCCPPPSCEEECCCSSCSSCCCTTSTTCCCTTCEESCC,CCCCCCCCCCCCCCHHHCCEEECCCCCCCCCCCCCCCCCCCCCCEECCC,0.0612,0.102,0.8367,./Dusp4_example/rfdiffusion_out/filter_results/Dusp4_A_2.pdb,1.5099,1.6894,PGGPPKNPYSGDPKPLSELVLLLPDSEGSEEVPPELRGVLYPNPLGPGL,MVTMEELREMDCSVLKRLMNRDENGGGAGGSGSHGTLGLPSGGKCLLLDCRPFLAHSAGYILGSVNVRCNTIVRRRAKGSVSLEQILPAEEEVRARLRSGLYSAVIVYDERSPRAESLREDSTVSLVVQALRRNAERTDICLLKGGYERFSSEYPEFCSKTKALAAIPPPVPPSATEPLDLGCSSCGTPLHDQGGPVEILPFLYLGSAYHAARRDMLDALGITALLNVSSDCPNHFEGHYQYKCIPVEDNHKADISSWFMEAIEYIDAVKDCRGRVLVHCQAGISRSATICLAYLMMKKRVRLEEAFEFVKQRRSIISPNFSFMGQLLQFESQVLATSCAAEAASPGGPPKNPYSGDPKPLSELVLLLPDSEGSEEVPPELRGVLYPNPLGPGL,True
Dusp4_A_2_mpnn_13,Dusp4_A_2,346-394,TTSSCSCCCCCCCCPPPSCEEECCCSSCSSCCCTTSTTCCCTTCEESCC,CCCCCCCCCCCCCCHHHCCEEECCCCCCCCCCCCCCCCCCCCCCEECCC,0.0612,0.102,0.8367,./Dusp4_example/rfdiffusion_out/filter_results/Dusp4_A_2.pdb,1.4039,1.7001,PGGPRRDPFSTEPVPLSDTVLLLSDSEGTAPVPPALRGRDFPRALAPAP,MVTMEELREMDCSVLKRLMNRDENGGGAGGSGSHGTLGLPSGGKCLLLDCRPFLAHSAGYILGSVNVRCNTIVRRRAKGSVSLEQILPAEEEVRARLRSGLYSAVIVYDERSPRAESLREDSTVSLVVQALRRNAERTDICLLKGGYERFSSEYPEFCSKTKALAAIPPPVPPSATEPLDLGCSSCGTPLHDQGGPVEILPFLYLGSAYHAARRDMLDALGITALLNVSSDCPNHFEGHYQYKCIPVEDNHKADISSWFMEAIEYIDAVKDCRGRVLVHCQAGISRSATICLAYLMMKKRVRLEEAFEFVKQRRSIISPNFSFMGQLLQFESQVLATSCAAEAASPGGPRRDPFSTEPVPLSDTVLLLSDSEGTAPVPPALRGRDFPRALAPAP,True
Dusp4_A_2_mpnn_14,Dusp4_A_2,346-394,TTSSCSCCCCCCCCPPPSCEEECCCSSCSSCCCTTSTTCCCTTCEESCC,CCCCCCCCCCCCCCHHHCCEEECCCCCCCCCCCCCCCCCCCCCCEECCC,0.0612,0.102,0.8367,./Dusp4_example/rfdiffusion_out/filter_results/Dusp4_A_2.pdb,1.3941,1.6844,AGGPVKNRWTGEAVPLPSTVLLLPDSWGDVEVPPELRGAEFPHPIAAAR,MVTMEELREMDCSVLKRLMNRDENGGGAGGSGSHGTLGLPSGGKCLLLDCRPFLAHSAGYILGSVNVRCNTIVRRRAKGSVSLEQILPAEEEVRARLRSGLYSAVIVYDERSPRAESLREDSTVSLVVQALRRNAERTDICLLKGGYERFSSEYPEFCSKTKALAAIPPPVPPSATEPLDLGCSSCGTPLHDQGGPVEILPFLYLGSAYHAARRDMLDALGITALLNVSSDCPNHFEGHYQYKCIPVEDNHKADISSWFMEAIEYIDAVKDCRGRVLVHCQAGISRSATICLAYLMMKKRVRLEEAFEFVKQRRSIISPNFSFMGQLLQFESQVLATSCAAEAASAGGPVKNRWTGEAVPLPSTVLLLPDSWGDVEVPPELRGAEFPHPIAAAR,True
Dusp4_A_2_mpnn_15,Dusp4_A_2,346-394,TTSSCSCCCCCCCCPPPSCEEECCCSSCSSCCCTTSTTCCCTTCEESCC,CCCCCCCCCCCCCCHHHCCEEECCCCCCCCCCCCCCCCCCCCCCEECCC,0.0612,0.102,0.8367,./Dusp4_example/rfdiffusion_out/filter_results/Dusp4_A_2.pdb,1.3499,1.6865,PGGPPADLFTGEPRPLPSRVVLYPDEEGSSPVPESLRGLEFPNALAPGP,MVTMEELREMDCSVLKRLMNRDENGGGAGGSGSHGTLGLPSGGKCLLLDCRPFLAHSAGYILGSVNVRCNTIVRRRAKGSVSLEQILPAEEEVRARLRSGLYSAVIVYDERSPRAESLREDSTVSLVVQALRRNAERTDICLLKGGYERFSSEYPEFCSKTKALAAIPPPVPPSATEPLDLGCSSCGTPLHDQGGPVEILPFLYLGSAYHAARRDMLDALGITALLNVSSDCPNHFEGHYQYKCIPVEDNHKADISSWFMEAIEYIDAVKDCRGRVLVHCQAGISRSATICLAYLMMKKRVRLEEAFEFVKQRRSIISPNFSFMGQLLQFESQVLATSCAAEAASPGGPPADLFTGEPRPLPSRVVLYPDEEGSSPVPESLRGLEFPNALAPGP,True
Dusp4_A_2_mpnn_16,Dusp4_A_2,346-394,TTSSCSCCCCCCCCPPPSCEEECCCSSCSSCCCTTSTTCCCTTCEESCC,CCCCCCCCCCCCCCHHHCCEEECCCCCCCCCCCCCCCCCCCCCCEECCC,0.0612,0.102,0.8367,./Dusp4_example/rfdiffusion_out/filter_results/Dusp4_A_2.pdb,1.3791,1.6878,PGGPPADPWTGEPTPLPSECTLYPDSEGSRPVPPGLRGRVYPDARAPGA,MVTMEELREMDCSVLKRLMNRDENGGGAGGSGSHGTLGLPSGGKCLLLDCRPFLAHSAGYILGSVNVRCNTIVRRRAKGSVSLEQILPAEEEVRARLRSGLYSAVIVYDERSPRAESLREDSTVSLVVQALRRNAERTDICLLKGGYERFSSEYPEFCSKTKALAAIPPPVPPSATEPLDLGCSSCGTPLHDQGGPVEILPFLYLGSAYHAARRDMLDALGITALLNVSSDCPNHFEGHYQYKCIPVEDNHKADISSWFMEAIEYIDAVKDCRGRVLVHCQAGISRSATICLAYLMMKKRVRLEEAFEFVKQRRSIISPNFSFMGQLLQFESQVLATSCAAEAASPGGPPADPWTGEPTPLPSECTLYPDSEGSRPVPPGLRGRVYPDARAPGA,True
Dusp4_A_2_mpnn_17,Dusp4_A_2,346-394,TTSSCSCCCCCCCCPPPSCEEECCCSSCSSCCCTTSTTCCCTTCEESCC,CCCCCCCCCCCCCCHHHCCEEECCCCCCCCCCCCCCCCCCCCCCEECCC,0.0612,0.102,0.8367,./Dusp4_example/rfdiffusion_out/filter_results/Dusp4_A_2.pdb,1.3419,1.693,PGGPVSDPWTGEPVPQPQSVLLYPDSEGDRPVPPGLRGTEYPNAVAAPR,MVTMEELREMDCSVLKRLMNRDENGGGAGGSGSHGTLGLPSGGKCLLLDCRPFLAHSAGYILGSVNVRCNTIVRRRAKGSVSLEQILPAEEEVRARLRSGLYSAVIVYDERSPRAESLREDSTVSLVVQALRRNAERTDICLLKGGYERFSSEYPEFCSKTKALAAIPPPVPPSATEPLDLGCSSCGTPLHDQGGPVEILPFLYLGSAYHAARRDMLDALGITALLNVSSDCPNHFEGHYQYKCIPVEDNHKADISSWFMEAIEYIDAVKDCRGRVLVHCQAGISRSATICLAYLMMKKRVRLEEAFEFVKQRRSIISPNFSFMGQLLQFESQVLATSCAAEAASPGGPVSDPWTGEPVPQPQSVLLYPDSEGDRPVPPGLRGTEYPNAVAAPR,True
Dusp4_A_2_mpnn_18,Dusp4_A_2,346-394,TTSSCSCCCCCCCCPPPSCEEECCCSSCSSCCCTTSTTCCCTTCEESCC,CCCCCCCCCCCCCCHHHCCEEECCCCCCCCCCCCCCCCCCCCCCEECCC,0.0612,0.102,0.8367,./Dusp4_example/rfdiffusion_out/filter_results/Dusp4_A_2.pdb,1.3956,1.6891,PGGPRTDLFDDRPVPRPATVTLLPASEGDRPVPPGLRGKEYPDPRAPGP,MVTMEELREMDCSVLKRLMNRDENGGGAGGSGSHGTLGLPSGGKCLLLDCRPFLAHSAGYILGSVNVRCNTIVRRRAKGSVSLEQILPAEEEVRARLRSGLYSAVIVYDERSPRAESLREDSTVSLVVQALRRNAERTDICLLKGGYERFSSEYPEFCSKTKALAAIPPPVPPSATEPLDLGCSSCGTPLHDQGGPVEILPFLYLGSAYHAARRDMLDALGITALLNVSSDCPNHFEGHYQYKCIPVEDNHKADISSWFMEAIEYIDAVKDCRGRVLVHCQAGISRSATICLAYLMMKKRVRLEEAFEFVKQRRSIISPNFSFMGQLLQFESQVLATSCAAEAASPGGPRTDLFDDRPVPRPATVTLLPASEGDRPVPPGLRGKEYPDPRAPGP,True
Dusp4_A_2_mpnn_19,Dusp4_A_2,346-394,TTSSCSCCCCCCCCPPPSCEEECCCSSCSSCCCTTSTTCCCTTCEESCC,CCCCCCCCCCCCCCHHHCCEEECCCCCCCCCCCCCCCCCCCCCCEECCC,0.0612,0.102,0.8367,./Dusp4_example/rfdiffusion_out/filter_results/Dusp4_A_2.pdb,1.396,1.6629,PGGPVKDPWTGRPVPHSRQVRLYPAETGDSPVPPGLRGLLFPDALRPGR,MVTMEELREMDCSVLKRLMNRDENGGGAGGSGSHGTLGLPSGGKCLLLDCRPFLAHSAGYILGSVNVRCNTIVRRRAKGSVSLEQILPAEEEVRARLRSGLYSAVIVYDERSPRAESLREDSTVSLVVQALRRNAERTDICLLKGGYERFSSEYPEFCSKTKALAAIPPPVPPSATEPLDLGCSSCGTPLHDQGGPVEILPFLYLGSAYHAARRDMLDALGITALLNVSSDCPNHFEGHYQYKCIPVEDNHKADISSWFMEAIEYIDAVKDCRGRVLVHCQAGISRSATICLAYLMMKKRVRLEEAFEFVKQRRSIISPNFSFMGQLLQFESQVLATSCAAEAASPGGPVKDPWTGRPVPHSRQVRLYPAETGDSPVPPGLRGLLFPDALRPGR,True
Dusp4_A_8_mpnn_0,Dusp4_A_8,346-394,SSHIIIIICCPPPPPGGGTCCCCCCCCCCCCSPPPPPCCCEEECSSCCC,CCHHHHHHCCHHHHHHHHCCCCCCCCCCCCCCHHHHHCCCEEECCCCCC,0.3878,0.0612,0.551,./Dusp4_example/rfdiffusion_out/filter_results/Dusp4_A_8.pdb,1.2819,1.6575,PGKRVAELGLHPCEPLEEWLTEVPEVELEPTTELLPPQPIKETLATPLA,MVTMEELREMDCSVLKRLMNRDENGGGAGGSGSHGTLGLPSGGKCLLLDCRPFLAHSAGYILGSVNVRCNTIVRRRAKGSVSLEQILPAEEEVRARLRSGLYSAVIVYDERSPRAESLREDSTVSLVVQALRRNAERTDICLLKGGYERFSSEYPEFCSKTKALAAIPPPVPPSATEPLDLGCSSCGTPLHDQGGPVEILPFLYLGSAYHAARRDMLDALGITALLNVSSDCPNHFEGHYQYKCIPVEDNHKADISSWFMEAIEYIDAVKDCRGRVLVHCQAGISRSATICLAYLMMKKRVRLEEAFEFVKQRRSIISPNFSFMGQLLQFESQVLATSCAAEAASPGKRVAELGLHPCEPLEEWLTEVPEVELEPTTELLPPQPIKETLATPLA,True
Dusp4_A_8_mpnn_1,Dusp4_A_8,346-394,SSHIIIIICCPPPPPGGGTCCCCCCCCCCCCSPPPPPCCCEEECSSCCC,CCHHHHHHCCHHHHHHHHCCCCCCCCCCCCCCHHHHHCCCEEECCCCCC,0.3878,0.0612,0.551,./Dusp4_example/rfdiffusion_out/filter_results/Dusp4_A_8.pdb,1.3778,1.6748,PGSAIEKLGLQPCEPVETWMKFVPPVKLTPKTELKPPQPIQTRWATPLK,MVTMEELREMDCSVLKRLMNRDENGGGAGGSGSHGTLGLPSGGKCLLLDCRPFLAHSAGYILGSVNVRCNTIVRRRAKGSVSLEQILPAEEEVRARLRSGLYSAVIVYDERSPRAESLREDSTVSLVVQALRRNAERTDICLLKGGYERFSSEYPEFCSKTKALAAIPPPVPPSATEPLDLGCSSCGTPLHDQGGPVEILPFLYLGSAYHAARRDMLDALGITALLNVSSDCPNHFEGHYQYKCIPVEDNHKADISSWFMEAIEYIDAVKDCRGRVLVHCQAGISRSATICLAYLMMKKRVRLEEAFEFVKQRRSIISPNFSFMGQLLQFESQVLATSCAAEAASPGSAIEKLGLQPCEPVETWMKFVPPVKLTPKTELKPPQPIQTRWATPLK,True
Dusp4_A_8_mpnn_2,Dusp4_A_8,346-394,SSHIIIIICCPPPPPGGGTCCCCCCCCCCCCSPPPPPCCCEEECSSCCC,CCHHHHHHCCHHHHHHHHCCCCCCCCCCCCCCHHHHHCCCEEECCCCCC,0.3878,0.0612,0.551,./Dusp4_example/rfdiffusion_out/filter_results/Dusp4_A_8.pdb,1.3568,1.6505,PGRAEAVLGLEPCEPVSKWLKKVEPVELVPRTKMRPPQPIKTVVATPLP,MVTMEELREMDCSVLKRLMNRDENGGGAGGSGSHGTLGLPSGGKCLLLDCRPFLAHSAGYILGSVNVRCNTIVRRRAKGSVSLEQILPAEEEVRARLRSGLYSAVIVYDERSPRAESLREDSTVSLVVQALRRNAERTDICLLKGGYERFSSEYPEFCSKTKALAAIPPPVPPSATEPLDLGCSSCGTPLHDQGGPVEILPFLYLGSAYHAARRDMLDALGITALLNVSSDCPNHFEGHYQYKCIPVEDNHKADISSWFMEAIEYIDAVKDCRGRVLVHCQAGISRSATICLAYLMMKKRVRLEEAFEFVKQRRSIISPNFSFMGQLLQFESQVLATSCAAEAASPGRAEAVLGLEPCEPVSKWLKKVEPVELVPRTKMRPPQPIKTVVATPLP,True
Dusp4_A_8_mpnn_3,Dusp4_A_8,346-394,SSHIIIIICCPPPPPGGGTCCCCCCCCCCCCSPPPPPCCCEEECSSCCC,CCHHHHHHCCHHHHHHHHCCCCCCCCCCCCCCHHHHHCCCEEECCCCCC,0.3878,0.0612,0.551,./Dusp4_example/rfdiffusion_out/filter_results/Dusp4_A_8.pdb,1.2323,1.6597,PGRARRELGLEPCEPLAVWLREVPEVELEPETEMLPEKPIETHWATPLA,MVTMEELREMDCSVLKRLMNRDENGGGAGGSGSHGTLGLPSGGKCLLLDCRPFLAHSAGYILGSVNVRCNTIVRRRAKGSVSLEQILPAEEEVRARLRSGLYSAVIVYDERSPRAESLREDSTVSLVVQALRRNAERTDICLLKGGYERFSSEYPEFCSKTKALAAIPPPVPPSATEPLDLGCSSCGTPLHDQGGPVEILPFLYLGSAYHAARRDMLDALGITALLNVSSDCPNHFEGHYQYKCIPVEDNHKADISSWFMEAIEYIDAVKDCRGRVLVHCQAGISRSATICLAYLMMKKRVRLEEAFEFVKQRRSIISPNFSFMGQLLQFESQVLATSCAAEAASPGRARRELGLEPCEPLAVWLREVPEVELEPETEMLPEKPIETHWATPLA,True
Dusp4_A_8_mpnn_4,Dusp4_A_8,346-394,SSHIIIIICCPPPPPGGGTCCCCCCCCCCCCSPPPPPCCCEEECSSCCC,CCHHHHHHCCHHHHHHHHCCCCCCCCCCCCCCHHHHHCCCEEECCCCCC,0.3878,0.0612,0.551,./Dusp4_example/rfdiffusion_out/filter_results/Dusp4_A_8.pdb,1.3197,1.6754,PGRVAQELGLAPCEPLSAWLSEVEPVELEPETEMKPPQPIKTFQATPLA,MVTMEELREMDCSVLKRLMNRDENGGGAGGSGSHGTLGLPSGGKCLLLDCRPFLAHSAGYILGSVNVRCNTIVRRRAKGSVSLEQILPAEEEVRARLRSGLYSAVIVYDERSPRAESLREDSTVSLVVQALRRNAERTDICLLKGGYERFSSEYPEFCSKTKALAAIPPPVPPSATEPLDLGCSSCGTPLHDQGGPVEILPFLYLGSAYHAARRDMLDALGITALLNVSSDCPNHFEGHYQYKCIPVEDNHKADISSWFMEAIEYIDAVKDCRGRVLVHCQAGISRSATICLAYLMMKKRVRLEEAFEFVKQRRSIISPNFSFMGQLLQFESQVLATSCAAEAASPGRVAQELGLAPCEPLSAWLSEVEPVELEPETEMKPPQPIKTFQATPLA,True
Dusp4_A_8_mpnn_5,Dusp4_A_8,346-394,SSHIIIIICCPPPPPGGGTCCCCCCCCCCCCSPPPPPCCCEEECSSCCC,CCHHHHHHCCHHHHHHHHCCCCCCCCCCCCCCHHHHHCCCEEECCCCCC,0.3878,0.0612,0.551,./Dusp4_example/rfdiffusion_out/filter_results/Dusp4_A_8.pdb,1.4623,1.6964,PGAAQDKLGLHPCEPIETWLRQVPSLSLTPKTRMKPRQPIETRVATPLR,MVTMEELREMDCSVLKRLMNRDENGGGAGGSGSHGTLGLPSGGKCLLLDCRPFLAHSAGYILGSVNVRCNTIVRRRAKGSVSLEQILPAEEEVRARLRSGLYSAVIVYDERSPRAESLREDSTVSLVVQALRRNAERTDICLLKGGYERFSSEYPEFCSKTKALAAIPPPVPPSATEPLDLGCSSCGTPLHDQGGPVEILPFLYLGSAYHAARRDMLDALGITALLNVSSDCPNHFEGHYQYKCIPVEDNHKADISSWFMEAIEYIDAVKDCRGRVLVHCQAGISRSATICLAYLMMKKRVRLEEAFEFVKQRRSIISPNFSFMGQLLQFESQVLATSCAAEAASPGAAQDKLGLHPCEPIETWLRQVPSLSLTPKTRMKPRQPIETRVATPLR,False
Dusp4_A_8_mpnn_6,Dusp4_A_8,346-394,SSHIIIIICCPPPPPGGGTCCCCCCCCCCCCSPPPPPCCCEEECSSCCC,CCHHHHHHCCHHHHHHHHCCCCCCCCCCCCCCHHHHHCCCEEECCCCCC,0.3878,0.0612,0.551,./Dusp4_example/rfdiffusion_out/filter_results/Dusp4_A_8.pdb,1.3275,1.694,PGARQATLGLQPCEPVAAWLQEVPEVTLTPTTELKPPQPIDTYVATPLA,MVTMEELREMDCSVLKRLMNRDENGGGAGGSGSHGTLGLPSGGKCLLLDCRPFLAHSAGYILGSVNVRCNTIVRRRAKGSVSLEQILPAEEEVRARLRSGLYSAVIVYDERSPRAESLREDSTVSLVVQALRRNAERTDICLLKGGYERFSSEYPEFCSKTKALAAIPPPVPPSATEPLDLGCSSCGTPLHDQGGPVEILPFLYLGSAYHAARRDMLDALGITALLNVSSDCPNHFEGHYQYKCIPVEDNHKADISSWFMEAIEYIDAVKDCRGRVLVHCQAGISRSATICLAYLMMKKRVRLEEAFEFVKQRRSIISPNFSFMGQLLQFESQVLATSCAAEAASPGARQATLGLQPCEPVAAWLQEVPEVTLTPTTELKPPQPIDTYVATPLA,False
Dusp4_A_8_mpnn_7,Dusp4_A_8,346-394,SSHIIIIICCPPPPPGGGTCCCCCCCCCCCCSPPPPPCCCEEECSSCCC,CCHHHHHHCCHHHHHHHHCCCCCCCCCCCCCCHHHHHCCCEEECCCCCC,0.3878,0.0612,0.551,./Dusp4_example/rfdiffusion_out/filter_results/Dusp4_A_8.pdb,1.3409,1.6641,PGRRERELGLRPCEPRETWLRTVPEVKLKPRTKLKPPQPIERVIATPLA,MVTMEELREMDCSVLKRLMNRDENGGGAGGSGSHGTLGLPSGGKCLLLDCRPFLAHSAGYILGSVNVRCNTIVRRRAKGSVSLEQILPAEEEVRARLRSGLYSAVIVYDERSPRAESLREDSTVSLVVQALRRNAERTDICLLKGGYERFSSEYPEFCSKTKALAAIPPPVPPSATEPLDLGCSSCGTPLHDQGGPVEILPFLYLGSAYHAARRDMLDALGITALLNVSSDCPNHFEGHYQYKCIPVEDNHKADISSWFMEAIEYIDAVKDCRGRVLVHCQAGISRSATICLAYLMMKKRVRLEEAFEFVKQRRSIISPNFSFMGQLLQFESQVLATSCAAEAASPGRRERELGLRPCEPRETWLRTVPEVKLKPRTKLKPPQPIERVIATPLA,True
Dusp4_A_8_mpnn_8,Dusp4_A_8,346-394,SSHIIIIICCPPPPPGGGTCCCCCCCCCCCCSPPPPPCCCEEECSSCCC,CCHHHHHHCCHHHHHHHHCCCCCCCCCCCCCCHHHHHCCCEEECCCCCC,0.3878,0.0612,0.551,./Dusp4_example/rfdiffusion_out/filter_results/Dusp4_A_8.pdb,1.2222,1.6509,PGRAARELGLHPCEPLETWLRTVEEVELEPKTELKPPQPIDTYWATPLA,MVTMEELREMDCSVLKRLMNRDENGGGAGGSGSHGTLGLPSGGKCLLLDCRPFLAHSAGYILGSVNVRCNTIVRRRAKGSVSLEQILPAEEEVRARLRSGLYSAVIVYDERSPRAESLREDSTVSLVVQALRRNAERTDICLLKGGYERFSSEYPEFCSKTKALAAIPPPVPPSATEPLDLGCSSCGTPLHDQGGPVEILPFLYLGSAYHAARRDMLDALGITALLNVSSDCPNHFEGHYQYKCIPVEDNHKADISSWFMEAIEYIDAVKDCRGRVLVHCQAGISRSATICLAYLMMKKRVRLEEAFEFVKQRRSIISPNFSFMGQLLQFESQVLATSCAAEAASPGRAARELGLHPCEPLETWLRTVEEVELEPKTELKPPQPIDTYWATPLA,False
Dusp4_A_8_mpnn_9,Dusp4_A_8,346-394,SSHIIIIICCPPPPPGGGTCCCCCCCCCCCCSPPPPPCCCEEECSSCCC,CCHHHHHHCCHHHHHHHHCCCCCCCCCCCCCCHHHHHCCCEEECCCCCC,0.3878,0.0612,0.551,./Dusp4_example/rfdiffusion_out/filter_results/Dusp4_A_8.pdb,1.338,1.651,PGRRERELGLRPCEPVAEWLQYVPEVLLTPTTEPKPPKPIKTFWATPLR,MVTMEELREMDCSVLKRLMNRDENGGGAGGSGSHGTLGLPSGGKCLLLDCRPFLAHSAGYILGSVNVRCNTIVRRRAKGSVSLEQILPAEEEVRARLRSGLYSAVIVYDERSPRAESLREDSTVSLVVQALRRNAERTDICLLKGGYERFSSEYPEFCSKTKALAAIPPPVPPSATEPLDLGCSSCGTPLHDQGGPVEILPFLYLGSAYHAARRDMLDALGITALLNVSSDCPNHFEGHYQYKCIPVEDNHKADISSWFMEAIEYIDAVKDCRGRVLVHCQAGISRSATICLAYLMMKKRVRLEEAFEFVKQRRSIISPNFSFMGQLLQFESQVLATSCAAEAASPGRRERELGLRPCEPVAEWLQYVPEVLLTPTTEPKPPKPIKTFWATPLR,True
Dusp4_A_8_mpnn_10,Dusp4_A_8,346-394,SSHIIIIICCPPPPPGGGTCCCCCCCCCCCCSPPPPPCCCEEECSSCCC,CCHHHHHHCCHHHHHHHHCCCCCCCCCCCCCCHHHHHCCCEEECCCCCC,0.3878,0.0612,0.551,./Dusp4_example/rfdiffusion_out/filter_results/Dusp4_A_8.pdb,1.3436,1.6922,PGYVRRYLGLHPCEPIETWLQTYEPVELTPETELKPPKPIKTYLATPLK,MVTMEELREMDCSVLKRLMNRDENGGGAGGSGSHGTLGLPSGGKCLLLDCRPFLAHSAGYILGSVNVRCNTIVRRRAKGSVSLEQILPAEEEVRARLRSGLYSAVIVYDERSPRAESLREDSTVSLVVQALRRNAERTDICLLKGGYERFSSEYPEFCSKTKALAAIPPPVPPSATEPLDLGCSSCGTPLHDQGGPVEILPFLYLGSAYHAARRDMLDALGITALLNVSSDCPNHFEGHYQYKCIPVEDNHKADISSWFMEAIEYIDAVKDCRGRVLVHCQAGISRSATICLAYLMMKKRVRLEEAFEFVKQRRSIISPNFSFMGQLLQFESQVLATSCAAEAASPGYVRRYLGLHPCEPIETWLQTYEPVELTPETELKPPKPIKTYLATPLK,True
Dusp4_A_8_mpnn_11,Dusp4_A_8,346-394,SSHIIIIICCPPPPPGGGTCCCCCCCCCCCCSPPPPPCCCEEECSSCCC,CCHHHHHHCCHHHHHHHHCCCCCCCCCCCCCCHHHHHCCCEEECCCCCC,0.3878,0.0612,0.551,./Dusp4_example/rfdiffusion_out/filter_results/Dusp4_A_8.pdb,1.3197,1.6605,PGAAQAELGLRPCEPIATWLQQVEPVELKPTSELKPEQPIKTHWATPLK,MVTMEELREMDCSVLKRLMNRDENGGGAGGSGSHGTLGLPSGGKCLLLDCRPFLAHSAGYILGSVNVRCNTIVRRRAKGSVSLEQILPAEEEVRARLRSGLYSAVIVYDERSPRAESLREDSTVSLVVQALRRNAERTDICLLKGGYERFSSEYPEFCSKTKALAAIPPPVPPSATEPLDLGCSSCGTPLHDQGGPVEILPFLYLGSAYHAARRDMLDALGITALLNVSSDCPNHFEGHYQYKCIPVEDNHKADISSWFMEAIEYIDAVKDCRGRVLVHCQAGISRSATICLAYLMMKKRVRLEEAFEFVKQRRSIISPNFSFMGQLLQFESQVLATSCAAEAASPGAAQAELGLRPCEPIATWLQQVEPVELKPTSELKPEQPIKTHWATPLK,True
Dusp4_A_8_mpnn_12,Dusp4_A_8,346-394,SSHIIIIICCPPPPPGGGTCCCCCCCCCCCCSPPPPPCCCEEECSSCCC,CCHHHHHHCCHHHHHHHHCCCCCCCCCCCCCCHHHHHCCCEEECCCCCC,0.3878,0.0612,0.551,./Dusp4_example/rfdiffusion_out/filter_results/Dusp4_A_8.pdb,1.3739,1.6793,PGALQAEKGLRPCEPVSSWLRFVPEVELEPLTELRPKQPIHEYWAKPLA,MVTMEELREMDCSVLKRLMNRDENGGGAGGSGSHGTLGLPSGGKCLLLDCRPFLAHSAGYILGSVNVRCNTIVRRRAKGSVSLEQILPAEEEVRARLRSGLYSAVIVYDERSPRAESLREDSTVSLVVQALRRNAERTDICLLKGGYERFSSEYPEFCSKTKALAAIPPPVPPSATEPLDLGCSSCGTPLHDQGGPVEILPFLYLGSAYHAARRDMLDALGITALLNVSSDCPNHFEGHYQYKCIPVEDNHKADISSWFMEAIEYIDAVKDCRGRVLVHCQAGISRSATICLAYLMMKKRVRLEEAFEFVKQRRSIISPNFSFMGQLLQFESQVLATSCAAEAASPGALQAEKGLRPCEPVSSWLRFVPEVELEPLTELRPKQPIHEYWAKPLA,True
Dusp4_A_8_mpnn_13,Dusp4_A_8,346-394,SSHIIIIICCPPPPPGGGTCCCCCCCCCCCCSPPPPPCCCEEECSSCCC,CCHHHHHHCCHHHHHHHHCCCCCCCCCCCCCCHHHHHCCCEEECCCCCC,0.3878,0.0612,0.551,./Dusp4_example/rfdiffusion_out/filter_results/Dusp4_A_8.pdb,1.2383,1.6566,PGRAVAELGLHPCAPVEEWLRNVEPVELTPTTEMKPPQPIETHWATPLA,MVTMEELREMDCSVLKRLMNRDENGGGAGGSGSHGTLGLPSGGKCLLLDCRPFLAHSAGYILGSVNVRCNTIVRRRAKGSVSLEQILPAEEEVRARLRSGLYSAVIVYDERSPRAESLREDSTVSLVVQALRRNAERTDICLLKGGYERFSSEYPEFCSKTKALAAIPPPVPPSATEPLDLGCSSCGTPLHDQGGPVEILPFLYLGSAYHAARRDMLDALGITALLNVSSDCPNHFEGHYQYKCIPVEDNHKADISSWFMEAIEYIDAVKDCRGRVLVHCQAGISRSATICLAYLMMKKRVRLEEAFEFVKQRRSIISPNFSFMGQLLQFESQVLATSCAAEAASPGRAVAELGLHPCAPVEEWLRNVEPVELTPTTEMKPPQPIETHWATPLA,True
Dusp4_A_8_mpnn_14,Dusp4_A_8,346-394,SSHIIIIICCPPPPPGGGTCCCCCCCCCCCCSPPPPPCCCEEECSSCCC,CCHHHHHHCCHHHHHHHHCCCCCCCCCCCCCCHHHHHCCCEEECCCCCC,0.3878,0.0612,0.551,./Dusp4_example/rfdiffusion_out/filter_results/Dusp4_A_8.pdb,1.2961,1.6673,PGGIEATKGLQPCEPLSAWRRTVAPVELVPTTEMKPPQEIKTVWATPLA,MVTMEELREMDCSVLKRLMNRDENGGGAGGSGSHGTLGLPSGGKCLLLDCRPFLAHSAGYILGSVNVRCNTIVRRRAKGSVSLEQILPAEEEVRARLRSGLYSAVIVYDERSPRAESLREDSTVSLVVQALRRNAERTDICLLKGGYERFSSEYPEFCSKTKALAAIPPPVPPSATEPLDLGCSSCGTPLHDQGGPVEILPFLYLGSAYHAARRDMLDALGITALLNVSSDCPNHFEGHYQYKCIPVEDNHKADISSWFMEAIEYIDAVKDCRGRVLVHCQAGISRSATICLAYLMMKKRVRLEEAFEFVKQRRSIISPNFSFMGQLLQFESQVLATSCAAEAASPGGIEATKGLQPCEPLSAWRRTVAPVELVPTTEMKPPQEIKTVWATPLA,True
Dusp4_A_8_mpnn_15,Dusp4_A_8,346-394,SSHIIIIICCPPPPPGGGTCCCCCCCCCCCCSPPPPPCCCEEECSSCCC,CCHHHHHHCCHHHHHHHHCCCCCCCCCCCCCCHHHHHCCCEEECCCCCC,0.3878,0.0612,0.551,./Dusp4_example/rfdiffusion_out/filter_results/Dusp4_A_8.pdb,1.2613,1.6681,PGRVERELGLAPCEPLETWLRTVEEVELEPTTELKPAQKIDTVWATPLA,MVTMEELREMDCSVLKRLMNRDENGGGAGGSGSHGTLGLPSGGKCLLLDCRPFLAHSAGYILGSVNVRCNTIVRRRAKGSVSLEQILPAEEEVRARLRSGLYSAVIVYDERSPRAESLREDSTVSLVVQALRRNAERTDICLLKGGYERFSSEYPEFCSKTKALAAIPPPVPPSATEPLDLGCSSCGTPLHDQGGPVEILPFLYLGSAYHAARRDMLDALGITALLNVSSDCPNHFEGHYQYKCIPVEDNHKADISSWFMEAIEYIDAVKDCRGRVLVHCQAGISRSATICLAYLMMKKRVRLEEAFEFVKQRRSIISPNFSFMGQLLQFESQVLATSCAAEAASPGRVERELGLAPCEPLETWLRTVEEVELEPTTELKPAQKIDTVWATPLA,True
Dusp4_A_8_mpnn_16,Dusp4_A_8,346-394,SSHIIIIICCPPPPPGGGTCCCCCCCCCCCCSPPPPPCCCEEECSSCCC,CCHHHHHHCCHHHHHHHHCCCCCCCCCCCCCCHHHHHCCCEEECCCCCC,0.3878,0.0612,0.551,./Dusp4_example/rfdiffusion_out/filter_results/Dusp4_A_8.pdb,1.3879,1.6777,PGGRRLFEGLEPCEPVSTWLTMVPAVELTPLFELKPPQPIKEHLARPLA,MVTMEELREMDCSVLKRLMNRDENGGGAGGSGSHGTLGLPSGGKCLLLDCRPFLAHSAGYILGSVNVRCNTIVRRRAKGSVSLEQILPAEEEVRARLRSGLYSAVIVYDERSPRAESLREDSTVSLVVQALRRNAERTDICLLKGGYERFSSEYPEFCSKTKALAAIPPPVPPSATEPLDLGCSSCGTPLHDQGGPVEILPFLYLGSAYHAARRDMLDALGITALLNVSSDCPNHFEGHYQYKCIPVEDNHKADISSWFMEAIEYIDAVKDCRGRVLVHCQAGISRSATICLAYLMMKKRVRLEEAFEFVKQRRSIISPNFSFMGQLLQFESQVLATSCAAEAASPGGRRLFEGLEPCEPVSTWLTMVPAVELTPLFELKPPQPIKEHLARPLA,True
Dusp4_A_8_mpnn_17,Dusp4_A_8,346-394,SSHIIIIICCPPPPPGGGTCCCCCCCCCCCCSPPPPPCCCEEECSSCCC,CCHHHHHHCCHHHHHHHHCCCCCCCCCCCCCCHHHHHCCCEEECCCCCC,0.3878,0.0612,0.551,./Dusp4_example/rfdiffusion_out/filter_results/Dusp4_A_8.pdb,1.3447,1.6847,PGRREALLGLHPCEPLETWLKNVPEVELEPVTEMNPPQEIKIRWATPLA,MVTMEELREMDCSVLKRLMNRDENGGGAGGSGSHGTLGLPSGGKCLLLDCRPFLAHSAGYILGSVNVRCNTIVRRRAKGSVSLEQILPAEEEVRARLRSGLYSAVIVYDERSPRAESLREDSTVSLVVQALRRNAERTDICLLKGGYERFSSEYPEFCSKTKALAAIPPPVPPSATEPLDLGCSSCGTPLHDQGGPVEILPFLYLGSAYHAARRDMLDALGITALLNVSSDCPNHFEGHYQYKCIPVEDNHKADISSWFMEAIEYIDAVKDCRGRVLVHCQAGISRSATICLAYLMMKKRVRLEEAFEFVKQRRSIISPNFSFMGQLLQFESQVLATSCAAEAASPGRREALLGLHPCEPLETWLKNVPEVELEPVTEMNPPQEIKIRWATPLA,True
Dusp4_A_8_mpnn_18,Dusp4_A_8,346-394,SSHIIIIICCPPPPPGGGTCCCCCCCCCCCCSPPPPPCCCEEECSSCCC,CCHHHHHHCCHHHHHHHHCCCCCCCCCCCCCCHHHHHCCCEEECCCCCC,0.3878,0.0612,0.551,./Dusp4_example/rfdiffusion_out/filter_results/Dusp4_A_8.pdb,1.3576,1.6828,PGAVRAELGLAPCEPVERWLRTVEPVSLKPRYSLRPPQPIKSRWATPLA,MVTMEELREMDCSVLKRLMNRDENGGGAGGSGSHGTLGLPSGGKCLLLDCRPFLAHSAGYILGSVNVRCNTIVRRRAKGSVSLEQILPAEEEVRARLRSGLYSAVIVYDERSPRAESLREDSTVSLVVQALRRNAERTDICLLKGGYERFSSEYPEFCSKTKALAAIPPPVPPSATEPLDLGCSSCGTPLHDQGGPVEILPFLYLGSAYHAARRDMLDALGITALLNVSSDCPNHFEGHYQYKCIPVEDNHKADISSWFMEAIEYIDAVKDCRGRVLVHCQAGISRSATICLAYLMMKKRVRLEEAFEFVKQRRSIISPNFSFMGQLLQFESQVLATSCAAEAASPGAVRAELGLAPCEPVERWLRTVEPVSLKPRYSLRPPQPIKSRWATPLA,True
Dusp4_A_8_mpnn_19,Dusp4_A_8,346-394,SSHIIIIICCPPPPPGGGTCCCCCCCCCCCCSPPPPPCCCEEECSSCCC,CCHHHHHHCCHHHHHHHHCCCCCCCCCCCCCCHHHHHCCCEEECCCCCC,0.3878,0.0612,0.551,./Dusp4_example/rfdiffusion_out/filter_results/Dusp4_A_8.pdb,1.2852,1.6629,PGRRRRELGLEPCEPVETFLTYVPEVKLEPTTELKPPLPIKSYIATPLL,MVTMEELREMDCSVLKRLMNRDENGGGAGGSGSHGTLGLPSGGKCLLLDCRPFLAHSAGYILGSVNVRCNTIVRRRAKGSVSLEQILPAEEEVRARLRSGLYSAVIVYDERSPRAESLREDSTVSLVVQALRRNAERTDICLLKGGYERFSSEYPEFCSKTKALAAIPPPVPPSATEPLDLGCSSCGTPLHDQGGPVEILPFLYLGSAYHAARRDMLDALGITALLNVSSDCPNHFEGHYQYKCIPVEDNHKADISSWFMEAIEYIDAVKDCRGRVLVHCQAGISRSATICLAYLMMKKRVRLEEAFEFVKQRRSIISPNFSFMGQLLQFESQVLATSCAAEAASPGRRRRELGLEPCEPVETFLTYVPEVKLEPTTELKPPLPIKSYIATPLL,True
