,index,segment,design_ss8,design_ss3,H_prop,E_prop,C_prop,Success,backbone,success_backbone
0,Dusp4_A_0,346-394,PPHHHHHHSCSSSCTTCCCCCCHHHHHHHHHCGGGGGGSSTHHHHSCCC,HHHHHHHHCCCCCCCCCCCCCCHHHHHHHHHCHHHHHHCCCHHHHCCCC,0.551,0.0,0.449,No,Dusp4_example/rfdiffusion_out/fix_pdb/Dusp4_A_0.pdb,-
1,Dusp4_A_1,346-394,CCHHHHHTTCCPPPSSGGGCCCCCCCCCCCCHHHHCCPPPCCSSCCCCC,CCHHHHHCCCCHHHCCHHHCCCCCCCCCCCCHHHHCCHHHCCCCCCCCC,0.3673,0.0,0.6327,No,Dusp4_example/rfdiffusion_out/fix_pdb/Dusp4_A_1.pdb,-
2,Dusp4_A_2,346-394,TTSSCSCCCCCCCCPPPSCEEECCCSSCSSCCCTTSTTCCCTTCEESCC,CCCCCCCCCCCCCCHHHCCEEECCCCCCCCCCCCCCCCCCCCCCEECCC,0.0612,0.102,0.8367,Yes,Dusp4_example/rfdiffusion_out/fix_pdb/Dusp4_A_2.pdb,./Dusp4_example/rfdiffusion_out/filter_results/Dusp4_A_2.pdb
3,Dusp4_A_3,346-394,PSSTHHHHSSSPPPHHHHHCCCCCCPPPPCPPPSSSCCCCCCGGGSPPC,HCCCHHHHCCCHHHHHHHHCCCCCCHHHHCHHHCCCCCCCCCHHHCHHC,0.5102,0.0,0.4898,No,Dusp4_example/rfdiffusion_out/fix_pdb/Dusp4_A_3.pdb,-
4,Dusp4_A_4,346-394,SSCHHHHHTCCCCCCSSCCSCCPPPPCCCCCCCSCCTTTSCCCCCCSCC,CCCHHHHHCCCCCCCCCCCCCCHHHHCCCCCCCCCCCCCCCCCCCCCCC,0.1837,0.0,0.8163,No,Dusp4_example/rfdiffusion_out/fix_pdb/Dusp4_A_4.pdb,-
5,Dusp4_A_5,346-394,CCHHHHHTTCCCCHHHHHHHHHHHHHHHHSCHHHHHHHHHSCCCCCTTC,CCHHHHHCCCCCCHHHHHHHHHHHHHHHHCCHHHHHHHHHCCCCCCCCC,0.6122,0.0,0.3878,No,Dusp4_example/rfdiffusion_out/fix_pdb/Dusp4_A_5.pdb,-
6,Dusp4_A_6,346-394,SSCCHHHHTTCCCCCCHHHHHCCCTTTPPPSSPPCCTTTSSCGGGCSCC,CCCCHHHHCCCCCCCCHHHHHCCCCCCHHHCCHHCCCCCCCCHHHCCCC,0.3469,0.0,0.6531,No,Dusp4_example/rfdiffusion_out/fix_pdb/Dusp4_A_6.pdb,-
7,Dusp4_A_7,346-394,CCSTGGGGTCCPPPPPSSCCCCCHHHHTPPPPPTTSSCTTSCTTSCSCC,CCCCHHHHCCCHHHHHCCCCCCCHHHHCHHHHHCCCCCCCCCCCCCCCC,0.3673,0.0,0.6327,No,Dusp4_example/rfdiffusion_out/fix_pdb/Dusp4_A_7.pdb,-
8,Dusp4_A_8,346-394,SSHIIIIICCPPPPPGGGTCCCCCCCCCCCCSPPPPPCCCEEECSSCCC,CCHHHHHHCCHHHHHHHHCCCCCCCCCCCCCCHHHHHCCCEEECCCCCC,0.3878,0.0612,0.551,Yes,Dusp4_example/rfdiffusion_out/fix_pdb/Dusp4_A_8.pdb,./Dusp4_example/rfdiffusion_out/filter_results/Dusp4_A_8.pdb
9,Dusp4_A_9,346-394,CCSSHHHHTPPPSCHHHHCCCSSPPPHHHHHHHHHGGGCCCCCCCCTTC,CCCCHHHHCHHHCCHHHHCCCCCHHHHHHHHHHHHHHHCCCCCCCCCCC,0.5306,0.0,0.4694,No,Dusp4_example/rfdiffusion_out/fix_pdb/Dusp4_A_9.pdb,-
